UDISE Code,School Name,District,Block,State,Management,Category,PIN Code
"24190405201","LILIPURA PRI. SCH.","VADODARA","NANI KORAL","Gujarat","Local body","Primary","391210"
"24190406302","SHREE P.K.R.R VIDYALAYA","VADODARA","MOTI KORAL","Gujarat","Government Aided","Secondary Only","393105"
"24190406401","NANI KORAL PRI. SCH.","VADODARA","NANI KORAL","Gujarat","Local body","Primary","393105"
"24190406301","MOTI KORAL PRI. SCH.","VADODARA","MOTI KORAL","Gujarat","Local body","Primary with Upper Primary","393105"
"24190407101","PURA PRI. SCH.","VADODARA","PURA","Gujarat","Local body","Primary","393105"
"24190400101","AALAMPURA PRI. SCH.","VADODARA","AALAMPURA","Gujarat","Local body","Primary","393105"
"24190403001","JUNA SHAYAR PRI. SCH.","VADODARA","JUNA SHAYAR","Gujarat","Local body","Primary","393105"
"24190407501","SAGDOL PRI. SCH.","VADODARA","SAGDOL","Gujarat","Local body","Primary with Upper Primary","393105"
"24190407502","AALAMPURA COLONY SCH.","VADODARA","SAGDOL","Gujarat","Local body","Primary","393105"
"24190407304","LITTLE FLOWERS SCHOOL GUJ","VADODARA","RAROD","Gujarat","Private Unaided (Recognized)","Primary with Upper Primary","393105"
"24190407305","BAL GOPAL SCHOOL","VADODARA","RAROD","Gujarat","Private Unaided (Recognized)","Primary","393105"
"24190407001","PUNIT PURA PRI. SCH.","VADODARA","PURA","Gujarat","Local body","Primary","393105"
"24190409701","OZ PRI. SCH.","VADODARA","OZ","Gujarat","Local body","Primary with Upper Primary","393105"
"24190407301","RAROD PRI. SCH.","VADODARA","RAROD","Gujarat","Local body","Primary with Upper Primary","393105"
"24190405402","RAHMANI PRI. SCH.","VADODARA","MALOD","Gujarat","Private Unaided (Recognized)","Primary with Upper Primary","393105"
"24190407303","SHRI PATEL J N T SARV HIGH SCHOOL","VADODARA","RAROD","Gujarat","Government Aided","Secondary Only","393105"
"24190400601","ARJANPURA PRI. SCH.","VADODARA","ARJANPURA","Gujarat","Local body","Primary","392220"
"24190408701","SOMAJ PRI. SCH.","VADODARA","SOMAJ","Gujarat","Local body","Primary","392220"
"24190406501","NAVA SHAYAR PRI. SCH.","VADODARA","NAVA SHAYAR","Gujarat","Local body","Primary","393105"
"24190401601","DELVADA PRI. SCH.","VADODARA","DELVADA","Gujarat","Local body","Primary","392220"
"24190405401","MALOD PRI. SCH.","VADODARA","MALOD","Gujarat","Local body","Primary with Upper Primary","393105"
"24190405303","SARKARI UCHCHATTAR MADHYAMIK SHALA LILOD","VADODARA","LILOD","Gujarat","Department of Education","Higher Secondary only/Jr. College","393105"
"24190405302","SARKARI MADHYAMIK SHALA LILOD","VADODARA","LILOD","Gujarat","Department of Education","Secondary Only","393105"
"24190405301","LILOD PRI. SCH.","VADODARA","LILOD","Gujarat","Local body","Primary with Upper Primary","393105"
"24190405901","MATROJ PRI. SCH.","VADODARA","MATROJ","Gujarat","Local body","Primary with Upper Primary","392220"
"24190406801","PACHHIYAPURA PRI. SCH.","VADODARA","PACHHIYAPURA","Gujarat","Local body","Primary with Upper Primary","392220"
"24190406802","SHREE RANGAVDHOOT VIDHYALAYA","VADODARA","PACHHIYAPURA","Gujarat","Government Aided","Secondary Only","392220"
"24190407401","ROPA PRI. SCH.","VADODARA","ROPA","Gujarat","Local body","Primary with Upper Primary","393105"
"24191001701","MALSAR PRI.SCH.","VADODARA","MALSAR","Gujarat","Local body","Primary with Upper Primary","391115"
"24190402601","HALDARVA PRI. SCH.","VADODARA","HALDARVA","Gujarat","Local body","Primary with Upper Primary","392220"
"24190402901","HIRJIPURA PRI. SCH.","VADODARA","HIRJIPURA","Gujarat","Local body","Primary","391244"
"24190408201","SARING PRI. SCH.","VADODARA","SARING","Gujarat","Local body","Primary with Upper Primary","392220"
"24190408501","SHERPURA PRI. SCH.","VADODARA","SHERPURA","Gujarat","Local body","Primary","393105"
"24190408301","SHANAPURA PRI. SCH.","VADODARA","SHANAPURA","Gujarat","Local body","Primary","392220"
"24190402602","NOORI GIRLS PRIMARY SHALA","VADODARA","HALDARVA","Gujarat","Private Unaided (Recognized)","Pri. Upper Pri. and Secondary Only","392220"
"24190403201","KAHONA PRI. SCH.","VADODARA","KAHONA","Gujarat","Local body","Primary","391210"
"24190409801","KARAN PRI. SCH.","VADODARA","KARAN","Gujarat","Local body","Primary","392220"
"24190408104","THE SANSROD HIGH SCHOOL PRIMARY SECTION","VADODARA","SANSROD","Gujarat","Private Unaided (Recognized)","Primary with Upper Primary","392220"
"24190408102","SANSROD KANYA PRI. SCH.","VADODARA","SANSROD","Gujarat","Local body","Primary with Upper Primary","392220"
"24190408101","SANSROD KUMAR PRI. SCH.","VADODARA","SANSROD","Gujarat","Local body","Primary with Upper Primary","392220"
"24190402301","FATEPUR PRI. SCH.","VADODARA","FATEPURA","Gujarat","Local body","Primary","391250"
"24191001801","MANDAVA PRI.SCH.","VADODARA","MANDAVA","Gujarat","Local body","Primary with Upper Primary","391115"
"24190409501","SAMRA PRI. SCH.","VADODARA","SAMRA","Gujarat","Local body","Primary","391244"
"24190408105","THE SANSROD HIGH SCHOOL","VADODARA","SANSROD","Gujarat","Government Aided","Secondary with Higher Secondary","392220"
"24191003006","J.C PATEL HIGH SCHOOL","VADODARA","SHINOR","Gujarat","Government Aided","Secondary with Higher Secondary","391115"
"24191003001","V.C. PATEL PRI.SCH.","VADODARA","SHINOR","Gujarat","Local body","Primary with Upper Primary","391115"
"24191003007","J.C PATEL SARVAJANIK GRANTED PRI SCHOOL","VADODARA","SHINOR","Gujarat","Government Aided","Upper Primary only","351115"
"24191003002","U.J. PATEL KANYA PRI.SCH.","VADODARA","SHINOR","Gujarat","Local body","Primary with Upper Primary","391115"
"24191003005","J.C PATEL HIGH SCHOOL (PRIMARY)","VADODARA","SHINOR","Gujarat","Private Unaided (Recognized)","Primary","391115"
"24190408001","SANIYAD PRI. SCH.","VADODARA","SANIYAD","Gujarat","Local body","Primary","391244"
"24190401701","DEROLI PRI. SCH.","VADODARA","DEROLI","Gujarat","Local body","Primary","391250"
"24191000401","BARKAL PRI.SCH.","VADODARA","BARKAL","Gujarat","Local body","Primary with Upper Primary","391105"
"24191000403","SHRI VYASESHVER VIDYALAYA","VADODARA","BARKAL","Gujarat","Government Aided","Secondary Only","391105"
"24190404502","SHREEJIKRUPA SARVAJANIK VIDYALAYA","VADODARA","KOLIYAD","Gujarat","Government Aided","Secondary Only","392220"
"24190404501","KOLIYAD SHRESHTH PRI. SCH.","VADODARA","KOLIYAD","Gujarat","Local body","Primary with Upper Primary","392220"
"24190408401","SHARUPUR TIMBI PRI. SCH.","VADODARA","SHARUPUR TIMBI","Gujarat","Local body","Primary","392220"
"24190406001","MESRAD PRI. SCH.","VADODARA","MESRAD","Gujarat","Local body","Primary with Upper Primary","392220"
"24190408103","MANKAN SHRESTH PRI. SCH.","VADODARA","SANSROD","Gujarat","Local body","Primary with Upper Primary","392220"
"24190407801","SAMRI PRI. SCH.","VADODARA","SAMRI","Gujarat","Local body","Primary with Upper Primary","391244"
"24191002103","AMBALI PRIMARY SHALA","VADODARA","MOTA FOFALIYA","Gujarat","Local body","Primary","391115"
"24191003201","SURA SHAMAL PRI.SCH.","VADODARA","SURA SHAMAL","Gujarat","Local body","Primary with Upper Primary","391115"
"24191001401","KANJETHA PRI.SCH.","VADODARA","KANJETHA","Gujarat","Local body","Primary","391115"
"24190403822","BLUEMOON INTERNATIONAL SCHOOL ENG.MED.","VADODARA","KARJAN","Gujarat","Private Unaided (Recognized)","Pri. with Upper Pri. Sec. and H.Sec.","392220"
"24190402201","DIVI SHRESTH PRI. SCH.","VADODARA","DIVI","Gujarat","Local body","Primary","392310"
"24190404701","KOTHIYA PRI. SCH.","VADODARA","KOTHIYA","Gujarat","Local body","Primary with Upper Primary","391250"
"24191000402","BARKAL KOLONY PRI.SCH.","VADODARA","BARKAL","Gujarat","Local body","Primary","391105"
"24191004101","DAMAPURA PRI. SHALA","VADODARA","DAMAPURA","Gujarat","Local body","Primary","391115"
"24190407201","RANAPUR PRI. SCH.","VADODARA","RANAPUR","Gujarat","Local body","Primary with Upper Primary","391250"
"24191003901","ZANZAD PRI.SCH.","VADODARA","ZANZAD","Gujarat","Local body","Primary with Upper Primary","391115"
"24190409001","URAD PRI. SCH.","VADODARA","URAD","Gujarat","Local body","Primary","391244"
"24191000701","MOLETHA PRI.SCH.","VADODARA","MOLETHA","Gujarat","Local body","Primary","391105"
"24190405101","LATIPUR TIMBI PRI. SCH.","VADODARA","LATIPUR TIMBI","Gujarat","Local body","Primary","391244"
"24191001201","DIVER PRI.SCH.","VADODARA","DIVER","Gujarat","Local body","Primary","391250"
"24190403301","KALA PRI. SCH.","VADODARA","KALA","Gujarat","Local body","Primary","391244"
"24190403302","NEW RAYS SCHOOL ENG","VADODARA","KALA","Gujarat","Private Unaided (Recognized)","Primary with Upper Primary","391244"
"24191002001","MINDHOL PRI.SCH.","VADODARA","MINDHOL","Gujarat","Local body","Primary","391250"
"24190403701","KANTHARIYA PRI. SCH.","VADODARA","KANTHARIYA","Gujarat","Local body","Primary","391244"
"24190409104","THE SARVODAY HIGH SCH.","VADODARA","VALAN","Gujarat","Private Unaided (Recognized)","Pri. Upper Pri. and Secondary Only","392310"
"24191002102","MOTA FOFALIYA VARG PRI.SCH.","VADODARA","MOTA FOFALIYA","Gujarat","Local body","Primary","391115"
"24190404401","KIYA PRI. SCH.","VADODARA","KIYA","Gujarat","Local body","Primary with Upper Primary","392310"
"24190409105","THE VALAN HIGH SCH.","VADODARA","VALAN","Gujarat","Private Unaided (Recognized)","Upper Primary only","392310"
"24190409103","THE VALAN HIGH SCH.","VADODARA","VALAN","Gujarat","Government Aided","Secondary with Higher Secondary","392310"
"24190409101","VALAN KUMAR PRI. SCH.","VADODARA","VALAN","Gujarat","Local body","Primary with Upper Primary","392310"
"24190400802","SUFISAINT FAIZ ACADEMY SCH.","VADODARA","KALA","Gujarat","Private Unaided (Recognized)","Pri. with Upper Pri. Sec. and H.Sec.","391244"
"24190409102","DAKRI MEMORIAL GIRLS PRI. SCH.","VADODARA","VALAN","Gujarat","Local body","Primary with Upper Primary","392310"
"24190408602","SHRI SIMLI SARV. VIDYAMANDIR","VADODARA","SIMLI","Gujarat","Government Aided","Secondary Only","391244"
"24190408601","SIMLI PRI. SCH.","VADODARA","SIMLI","Gujarat","Local body","Primary with Upper Primary","391244"
"24190400801","BACHAR PRI. SCH.","VADODARA","BACHAR","Gujarat","Local body","Primary with Upper Primary","391244"
"24191002101","MOTA FOFALIYA PRI.SCH.","VADODARA","MOTA FOFALIYA","Gujarat","Local body","Primary with Upper Primary","391115"
"24191002106","SHRI N.C.PATEL BHARATIYA VIDYALAYA","VADODARA","MOTA FOFALIYA","Gujarat","Government Aided","Secondary with Higher Secondary","391115"
"24191002104","SHREE CHHOTUBHAI A PATEL LEARNING INSTITUTE -GUJ. MED.","VADODARA","MOTA FOFALIYA","Gujarat","Private Unaided (Recognized)","Pri. with Upper Pri. Sec. and H.Sec.","391115"
"24191002105","SHREE CHHOTUBHAI A PATEL LEARNING INSTITUTE -ENG.MED.","VADODARA","MOTA FOFALIYA","Gujarat","Private Unaided (Recognized)","Pri. with Upper Pri. Sec. and H.Sec.","391115"
"24190400701","ATALI PRI. SCH.","VADODARA","ATALI","Gujarat","Local body","Primary","391244"
"24191001901","MANJROL PRI.SCH.","VADODARA","MANJROL","Gujarat","Local body","Primary","391250"
"24191001101","DARIYA PURA PRI.SCH.","VADODARA","DARIYAPURA","Gujarat","Local body","Primary","391105"
"24190407202","OMKAR VIDYAMANDIR","VADODARA","RANAPUR","Gujarat","Government Aided","Secondary Only","391250"
"24190401301","CHHANCHHVA PRI. SCH.","VADODARA","CHHANCHHVA","Gujarat","Local body","Primary","391244"
"24191000501","BAVALIYA PRI.SCH.","VADODARA","BAVALIYA","Gujarat","Local body","Primary","391250"
"24191001501","KUKAS PRI.SCH.","VADODARA","KUKAS","Gujarat","Local body","Primary with Upper Primary","391250"
"24190406101","METHI PRI. SCH.","VADODARA","METHI","Gujarat","Local body","Primary with Upper Primary","391210"
"24191000801","BITHALI PRI.SCH.","VADODARA","BITHLI","Gujarat","Local body","Primary with Upper Primary","391105"
"24190212301","NANDERIYA PRI. SCHOOL","VADODARA","NANDERIYA","Gujarat","Local body","Primary","391105"
"24190406102","PUJYA SHREE JASUBASWAMI VIDYA MANDIR","VADODARA","METHI","Gujarat","Government Aided","Secondary with Higher Secondary","391240"
"24190401801","DETHAN PRI. SCH.","VADODARA","DETHAN","Gujarat","Local body","Primary with Upper Primary","391244"
"24191002202","MOTA KARALA N.V. PRI.SCH.","VADODARA","MOTA KARALA","Gujarat","Local body","Primary","391105"
"24190401802","SARKARI MADHYAMIK SHALA DETHAN","VADODARA","DETHAN","Gujarat","Department of Education","Secondary Only","391244"
"24191002609","SADHALI SHRESTH PRIMARY SCHOOL ( ENG MED)","VADODARA","SADHLI","Gujarat","Local body","Primary","391250"
"24191002602","SADHALI SHRESTH PRI SCH","VADODARA","SADHLI","Gujarat","Local body","Primary with Upper Primary","391250"
"24191003401","TERSA PRI.SCH.","VADODARA","TERSA","Gujarat","Local body","Primary","391250"
"24191003102","SIMLI VASAHAT PRI.SCH.","VADODARA","SIMLI","Gujarat","Local body","Primary with Upper Primary","391105"
"24190204901","KARNALI PRIMARY SCHOOL","VADODARA","KARNALI","Gujarat","Local body","Primary with Upper Primary","391110"
"24191002606","MANAN VIDHALAY SHADHALI (ENG)","VADODARA","SADHLI","Gujarat","Private Unaided (Recognized)","Primary","391250"
"24191002604","MANAN VIDHALAY SHADHALI (GUJ)","VADODARA","SADHLI","Gujarat","Private Unaided (Recognized)","Primary with Upper Primary","391250"
"24190202001","BHIMPURA PRIMARY SCHOOL","VADODARA","BHIMPURA","Gujarat","Local body","Primary","391105"
"24190202306","SHREE ANIRUDDHACHARYA SANSKRIT MAHAVIDYALAY","VADODARA","CHANDOD","Gujarat","Government Aided","Secondary with Higher Secondary","391105"
"24190401401","CHORANDA PRI. SCH.","VADODARA","CHORANDA","Gujarat","Local body","Primary with Upper Primary","391244"
"24191003701","UTRAJ PRI.SCH.","VADODARA","UTRAJ","Gujarat","Local body","Primary with Upper Primary","391250"
"24190409601","OSRAM PRI. SCH.","VADODARA","OSRAM","Gujarat","Local body","Primary with Upper Primary","391244"
"24191002603","SHRVAN SANSKAR VIDHALAY","VADODARA","SADHLI","Gujarat","Private Unaided (Recognized)","Primary with Upper Primary","391250"
"24191002608","SHRVAN SANSKAR VIDHYALAY(ENG)","VADODARA","SADHLI","Gujarat","Private Unaided (Recognized)","Primary with Upper Primary","391250"
"24191003101","SIMLI PRI.SCH.","VADODARA","SIMLI","Gujarat","Local body","Primary","391105"
"24191002607","BHARAT VIDHALAYA SADHALI","VADODARA","SADHLI","Gujarat","Government Aided","Secondary with Higher Secondary","391250"
"24190202302","CHANDOD KANYA PRI.SCH.","VADODARA","CHANDOD","Gujarat","Local body","Primary with Upper Primary","391105"
"24191002605","BHARATA VIDHALAY SHADHALI (PRIMARY SECTION)","VADODARA","SADHLI","Gujarat","Government Aided","Primary with Upper Primary","391250"
"24190202301","CHANDOD KUMAR PRI.SCH.","VADODARA","CHANDOD","Gujarat","Local body","Primary with Upper Primary","391105"
"24190203901","JUNA MANDAVA PRIMARY SCHOOL","VADODARA","JUNA MANDAVA","Gujarat","Local body","Primary","391105"
"24190202304","AADARSH PRIMARY SCHOOL","VADODARA","CHANDOD","Gujarat","Private Unaided (Recognized)","Primary","391105"
"24190405001","LAKODARA PRI. SCH.","VADODARA","LAKODARA","Gujarat","Local body","Primary with Upper Primary","391244"
"24190204903","PIPALIYA PRIMARY SCHOOL","VADODARA","KARNALI","Gujarat","Local body","Primary","391105"
"24190202303","B N HIGH SCH CHANDOD","VADODARA","CHANDOD","Gujarat","Government Aided","Upper Primary only","391105"
"24190202305","SHREE B.N. SEC & HIGH SEC SCHOOL","VADODARA","CHANDOD","Gujarat","Government Aided","Secondary with Higher Secondary","391105"
"24190401402","SHREE KANAM VIDYAMANDIR","VADODARA","CHORANDA","Gujarat","Government Aided","Secondary Only","391244"
"24190401403","SHREE KANAM VIDYAMANDIR (PRIMARY)","VADODARA","CHORANDA","Gujarat","Government Aided","Upper Primary only","391244"
"24191002203","SHRI SARVAJANIK HIGH SCHOOL","VADODARA","MOTA KARALA","Gujarat","Government Aided","Secondary Only","391105"
"24190406701","NISHALIYA PRI. SCH.","VADODARA","NISHALIYA","Gujarat","Local body","Primary","391244"
"24191003601","TINGLOD PRI.SCH.","VADODARA","TINGLOD","Gujarat","Local body","Primary","391250"
"24191002201","MOTA KARALA PRI.SCH.","VADODARA","MOTA KARALA","Gujarat","Local body","Primary with Upper Primary","391105"
"24190203903","SMT. ALKADEVI SANSKRIT MAHAVIDHYALAY","VADODARA","JUNA MANDAVA","Gujarat","Government Aided","Secondary with Higher Secondary","391105"
"24190401901","DHAMANJA PRI. SCH.","VADODARA","DHAMANJA","Gujarat","Local body","Primary with Upper Primary","391210"
"24190212101","VADIYA PRI. SCHOOL","VADODARA","VADIYA","Gujarat","Local body","Primary","391105"
"24190203902","NAVA MANDAVA PRI.SCH.","VADODARA","JUNA MANDAVA","Gujarat","Local body","Primary","391105"
"24190404601","KOTHAV PRI. SCH.","VADODARA","KOTHAV","Gujarat","Local body","Primary","391240"
"24190409203","SHIVAM VIDYAMANDIR","VADODARA","VEMAR","Gujarat","Government Aided","Secondary Only","391240"
"24190201001","BAGALIPURA PRIMARY SCHOOL","VADODARA","BAGALIPURA","Gujarat","Local body","Primary","391110"
"24191002801","SATISANA PRI.SCH.","VADODARA","SATISANA","Gujarat","Local body","Primary with Upper Primary","391105"
"24191000303","SHREAS  VIDYALAYA HIGHER SECONDARY","VADODARA","AAVAKHAL","Gujarat","Government Aided","Higher Secondary only/Jr. College","391250"
"24191000302","SHREAS  VIDYALAYA","VADODARA","AAVAKHAL","Gujarat","Government Aided","Secondary Only","391250"
"24190409201","VEMAR PRI. SCH.","VADODARA","VEMAR","Gujarat","Local body","Primary with Upper Primary","391240"
"24191000301","AAVAKHAL PRI.SCH.","VADODARA","AAVAKHAL","Gujarat","Local body","Primary with Upper Primary","391250"
"24191001601","MALPUR PRI.SCH.","VADODARA","MALPUR","Gujarat","Local body","Primary with Upper Primary","391250"
"24190203201","FULVADI PRIMARY SCHOOL","VADODARA","FULVADI","Gujarat","Local body","Primary","391105"
"24190407901","SANDARNA PRI. SCH.","VADODARA","SANDARNA","Gujarat","Local body","Primary","391244"
"24191003301","TARVA PRI.SCH.","VADODARA","TARVA","Gujarat","Local body","Primary","391250"
"24190201601","BHALODRA PRIMARY SCHOOL","VADODARA","BHALODRA","Gujarat","Local body","Primary","391105"
"24190405601","MANGROL PRI. SCH.","VADODARA","MANGROL","Gujarat","Local body","Primary with Upper Primary","392230"
"24191002901","SEGAVA PRI.SCH.","VADODARA","SEGAVA","Gujarat","Local body","Primary","391115"
"24190401101","BHARTHANA PRI. SCH.","VADODARA","BHARTHANA","Gujarat","Local body","Primary with Upper Primary","391244"
"24190409202","Z.J.PATEL NUTAN HIGH SCH.","VADODARA","KURALI","Gujarat","Government Aided","Upper Pri. and Secondary","391240"
"24190404101","KASAMPUR PRI. SCH.","VADODARA","KASAMPUR","Gujarat","Local body","Primary","391244"
"24190208701","SANOR PRIMARY SCHOOL","VADODARA","SANOR","Gujarat","Local body","Primary with Upper Primary","391105"
"24190401001","BHARTHALI PRI. SCH.","VADODARA","BHARTHALI","Gujarat","Local body","Primary","391244"
"24191002904","SEVAN STAR INTERNATIONAL SCHOOL ( GUJ MED)","VADODARA","SEGAVA","Gujarat","Private Unaided (Recognized)","Pri. with Upper Pri. Sec. and H.Sec.","391115"
"24191002903","SEVAN STAR INTERNATIONAL SCHOOL ( ENG MED)","VADODARA","SEGAVA","Gujarat","Private Unaided (Recognized)","Pri. with Upper Pri. Sec. and H.Sec.","391115"
"24191000901","CHHANBHOI PRI.SCH.","VADODARA","CHHANBHOI","Gujarat","Local body","Primary","391250"
"24191003502","SHARDA MANDIR SECONDARY SCHOOL","VADODARA","TIMBARVA","Gujarat","Government Aided","Secondary Only","391250"
"24191003501","TIMBARVA PRI.SCH.","VADODARA","TIMBARVA","Gujarat","Local body","Primary with Upper Primary","391250"
"24191002301","NANA KARALA PRI.SCH.","VADODARA","NANA KARALA","Gujarat","Local body","Primary","391115"
"24190404902","PRARTHANA SCHOOL","VADODARA","KURALI","Gujarat","Private Unaided (Recognized)","Pri. Upper Pri. and Secondary Only","391240"
"24190404901","KURALI PRI. SCH.","VADODARA","KURALI","Gujarat","Local body","Primary","391240"
"24191002902","VANIYAD PRIMARY SCHOOL","VADODARA","SEGAVA","Gujarat","Local body","Primary with Upper Primary","391105"
"24191000203","SHRI B.L.PATEL SHARDA VINAY MANDIR","VADODARA","AANANDI","Gujarat","Government Aided","Secondary with Higher Secondary","391110"
"24191000202","SHRI B.L.PATEL VINAY MANDIR","VADODARA","AANANDI","Gujarat","Private Unaided (Recognized)","Primary with Upper Primary","391110"
"24190202812","SOMPURA PRIMARY SCHOOL","VADODARA","DHARAM PURI","Gujarat","Local body","Primary","391110"
"24190203601","GUMANPURA PRIMARY SCHOOL","VADODARA","GUMANPURA","Gujarat","Local body","Primary","391105"
"24191000101","AACHISARA PRI.SCH.","VADODARA","AACHISARA","Gujarat","Local body","Primary","391111"
"24191000201","AANANDI PRI.SCH.","VADODARA","AANANDI","Gujarat","Local body","Primary","391110"
"24190406202","MIYAGAM KANYA PRI. SCH.","VADODARA","MIYAGAM","Gujarat","Local body","Primary with Upper Primary","391240"
"24190406201","MIYAGAM KUMAR PRI. SCH.","VADODARA","MIYAGAM","Gujarat","Local body","Primary with Upper Primary","391240"
"24190202809","BHUMASIYA PRIMARY SCHOOL","VADODARA","DHARAM PURI","Gujarat","Local body","Primary","391110"
"24190201401","BANAJ PRIMARY SCHOOL","VADODARA","BANAJ","Gujarat","Local body","Primary","391240"
"24190403905","VADNAGAR MIYAGAM N.V.","VADODARA","MIYAGAM","Gujarat","Local body","Primary with Upper Primary","391240"
"24190406204","SHREE D&P ASHOKCHAND SHAH SMRUTI VIDHYALAYA","VADODARA","MIYAGAM","Gujarat","Government Aided","Secondary with Higher Secondary","391240"
"24190202810","PARAGAM PRIMARY SCHOOL","VADODARA","DHARAM PURI","Gujarat","Local body","Primary","391110"
"24190403401","KAMBOLA PRI. SCH.","VADODARA","KAMBOLA","Gujarat","Local body","Primary with Upper Primary","391240"
"24190406601","NAVI JITHARADI PRI. SCH.","VADODARA","NAVI JITHARADI","Gujarat","Local body","Primary","391240"
"24190402101","DHAVAT PRI. SCH.","VADODARA","DHAVAT","Gujarat","Local body","Primary with Upper Primary","391240"
"24190403101","JUNI JITHARADI PRI. SCH.","VADODARA","JUNI JUTHARADI","Gujarat","Local body","Primary with Upper Primary","391240"
"24190407701","SAMPA PRI. SCH.","VADODARA","SAMPA","Gujarat","Local body","Primary with Upper Primary","391240"
"24191000601","BHEKHADA PRI.SCH.","VADODARA","BHEKHADA","Gujarat","Local body","Primary","391111"
"24191002501","PUNIYAD PRI SCH","VADODARA","PUNIYAR","Gujarat","Local body","Primary with Upper Primary","391115"
"24191002502","DR. SHARDA PATEL VIDYA MANDIR","VADODARA","PUNIYAR","Gujarat","Government Aided","Secondary Only","391110"
"24190208401","RAJPURA PRIMARY SCHOOL","VADODARA","RAJPURA","Gujarat","Local body","Primary","391105"
"24190407702","SAMPA NARMADA VASAHAT SCH.","VADODARA","SAMPA","Gujarat","Local body","Primary with Upper Primary","391240"
"24190403828","BLUEMOON INTERNATIONAL SCHOOL GUJ.MED.","VADODARA","KARJAN","Gujarat","Private Unaided (Recognized)","Primary with Upper Primary",""
"24190403829","BLUEMOON INTERNATIONAL SCHOOL ENG.MED.(KARJAN)","VADODARA","KARJAN","Gujarat","Private Unaided (Recognized)","Primary with Upper Primary",""
"24190401201","BODKA PRI. SCH.","VADODARA","BODKA","Gujarat","Local body","Primary with Upper Primary","391240"
"24190404001","KARAMDI PRI. SCH.","VADODARA","KARAMDI","Gujarat","Local body","Primary","391240"
"24190403809","SHREE SARASVATI VIDYADHAM","VADODARA","KARJAN","Gujarat","Private Unaided (Recognized)","Pri. with Upper Pri. Sec. and H.Sec.","391240"
"24190403816","SABARI VIDHYALAYA","VADODARA","KARJAN","Gujarat","Private Unaided (Recognized)","Pri. with Upper Pri. Sec. and H.Sec.","391240"
"24190403821","MARKAZ PUBLIC SCHOOL ENG.MED.","VADODARA","KARJAN","Gujarat","Private Unaided (Recognized)","Pri. Upper Pri. and Secondary Only","391240"
"24190401202","SHRI C&Z.J.PATEL(TRALSA)VIDYALAYA","VADODARA","BODKA","Gujarat","Government Aided","Secondary with Higher Secondary","391240"
"24190209902","TEN TALAV NARMADA VASAHAT SCH","VADODARA","TEN TALAV","Gujarat","Local body","Primary","391109"
"24190209901","TEN TALAV PRIMARY SCHOOL","VADODARA","TEN TALAV","Gujarat","Local body","Primary with Upper Primary","391105"
"24190202811","MANPURA PRIMARY SCHOOL","VADODARA","DHARAM PURI","Gujarat","Local body","Primary","391110"
"24190403826","KARJAN PUBLIC SCHOOL ENG","VADODARA","KARJAN","Gujarat","Private Unaided (Recognized)","Pri. Upper Pri. and Secondary Only","391240"
"24190403825","KARJAN PUBLIC SCHOOL GUJ","VADODARA","KARJAN","Gujarat","Private Unaided (Recognized)","Pri. Upper Pri. and Secondary Only","391240"
"24190403819","SMT D.C.CHAVDA SARV. GIRLS HIGH SCHL.","VADODARA","KARJAN","Gujarat","Government Aided","Secondary with Higher Secondary","391240"
"24191001301","GARADI PRI.SCH.","VADODARA","GARADI","Gujarat","Local body","Primary with Upper Primary","391210"
"24190403820","SHAH N.B.S HIGH SCHOOL(Sec&H.Sec)","VADODARA","KARJAN","Gujarat","Government Aided","Secondary with Higher Secondary","391240"
"24190200201","AKOTI PRIMARY SCHOOL","VADODARA","AKOTI","Gujarat","Local body","Primary with Upper Primary","391110"
"24191002401","NANA HABIPURA PRI SCH","VADODARA","NANI HABIPURA","Gujarat","Local body","Primary with Upper Primary","391220"
"24190403904","LITTLE FLOWER ENG","VADODARA","KARJAN","Gujarat","Private Unaided (Recognized)","Primary with Upper Primary","391240"
"24190403903","LITTLE FLOWER GUJ","VADODARA","KARJAN","Gujarat","Private Unaided (Recognized)","Primary with Upper Primary","391240"
"24190409301","VEMARDI PRI. SCH.","VADODARA","VEMARDI","Gujarat","Local body","Primary with Upper Primary","391210"
"24190403802","KARJAN - 1 PRI. SCH.","VADODARA","KARJAN","Gujarat","Local body","Primary with Upper Primary","391240"
"24190200901","AORDI PRIMARY SCHOOL","VADODARA","AORDI","Gujarat","Local body","Primary","391110"
"24190205701","LING STHALI PRIMARY SCHOOL","VADODARA","LING STHALI","Gujarat","Local body","Primary with Upper Primary","391220"
"24190403901","KARJAN - 2 PRI. SCH.","VADODARA","KARJAN","Gujarat","Local body","Primary with Upper Primary","391240"
"24190403827","GOVERNMENT ENGLISH MEDIUM PRIMARY SCHOOL","VADODARA","KARJAN","Gujarat","Local body","Primary","391240"
"24191001001","DAMNAGAR PRI.SCH.","VADODARA","DAMNAGAR","Gujarat","Local body","Primary","391115"
"24190403806","SHAH N.B.SAR. HIGH SCHL.","VADODARA","KARJAN","Gujarat","Government Aided","Primary with Upper Primary","391240"
"24190403902","DHYAN VIDHYALAYA-1","VADODARA","KARJAN","Gujarat","Private Unaided (Recognized)","Pri. Upper Pri. and Secondary Only","391240"
"24190403818","BHARGAVI ENG VIDHYALAYA","VADODARA","KARJAN","Gujarat","Private Unaided (Recognized)","Primary with Upper Primary","391240"
"24190403812","BHARGAVI GUJ VIDHYALAYA","VADODARA","KARJAN","Gujarat","Private Unaided (Recognized)","Pri. Upper Pri. and Secondary Only","391240"
"24191002701","SANDHA PRI.SCH.","VADODARA","SANDHA","Gujarat","Local body","Primary","391110"
"24190403814","SHRI HARIKRUPA ASHRAM SHALA","VADODARA","KARJAN","Gujarat","Social welfare Department","Primary with Upper Primary","391240"
"24190200802","AMBAV PRI. SCH.","VADODARA","AMBAV","Gujarat","Local body","Primary","391107"
"24190200701","AASODRA PRIMARY SCHOOL","VADODARA","ASODARA","Gujarat","Local body","Primary","391110"
"24190206901","NAGDOL PRIMARY SCHOOL","VADODARA","NAGDOL","Gujarat","Local body","Primary","391120"
"24190403803","JALARAM NAGAR PRI. SCH.","VADODARA","KARJAN","Gujarat","Local body","Primary with Upper Primary","391240"
"24190402401","GANDHARA PRI. SCH.","VADODARA","GANDHARA","Gujarat","Local body","Primary with Upper Primary","391210"
"24190403817","ARYABHUMI VIDHYALAYA","VADODARA","KARJAN","Gujarat","Private Unaided (Recognized)","Pri. Upper Pri. and Secondary Only","391240"
"24190209201","SHIROLA PRIMARY SCHOOL","VADODARA","SHIROLA","Gujarat","Local body","Primary with Upper Primary","391120"
"24190402501","GANPAT PURA PRI. SCH.","VADODARA","GANPAT PURA","Gujarat","Local body","Primary with Upper Primary","391210"
"24190404201","KHANDHA PRI. SCH.","VADODARA","KHANDHA","Gujarat","Local body","Primary with Upper Primary","391240"
"24190209101","SHANKARPURA PRIMARY SCHOOL","VADODARA","SHANKAR PURA","Gujarat","Local body","Primary","391105"
"24190204802","SHREE NAVCHETAN VIDYALAYA","VADODARA","KARMAL","Gujarat","Government Aided","Secondary Only","391210"
"24190204801","KARMAL PRIMARY SCHOOL","VADODARA","KARMAL","Gujarat","Local body","Primary with Upper Primary","391210"
"24190401501","CHORBHUJ PRI. SCH.","VADODARA","CHORBHUJ","Gujarat","Local body","Primary with Upper Primary","391240"
"24190202401","CHANVADA PRIMARY SCHOOL","VADODARA","CHANVADA","Gujarat","Local body","Primary with Upper Primary","391110"
"24190200501","AARANIYA PRIMARY SCHOOL","VADODARA","ARANIYA","Gujarat","Local body","Primary","391110"
"24190403501","KANBHA PRI. SCH.","VADODARA","KANBHA","Gujarat","Local body","Primary with Upper Primary","391244"
"24190212401","JIYATALAVADI PRI. SCHOOL","VADODARA","JIYATALAVADI","Gujarat","Local body","Primary","391220"
"24190211901","PISAI PRI. SCH.","VADODARA","PISAI","Gujarat","Local body","Primary with Upper Primary","391110"
"24190706901","NAVA NENDRA PRIMARY SCHOOL","VADODARA","NAVA NENDRA","Gujarat","Local body","Primary","391430"
"24190201902","SHREE VINAY VIDYA MANDIR","VADODARA","BHILODIYA","Gujarat","Government Aided","Secondary Only","391110"
"24190200601","ASGOL PRIMARY SCHOOL","VADODARA","ASDOL","Gujarat","Local body","Primary","391110"
"24190403906","DHYAN VIDYALAYA ENG","VADODARA","KARJAN","Gujarat","Private Unaided (Recognized)","Primary with Upper Primary","391240"
"24190711302","JUNANEDARA PRIMARY SCH","VADODARA","VANCHHRA","Gujarat","Local body","Primary","391430"
"24190210404","SMT. S.S.PATEL SARVJANIK HIGH SCHOOL","VADODARA","VADAJ","Gujarat","Government Aided","Secondary Only","391105"
"24190404203","UDAN PUBLIC SCHOOL","VADODARA","KHANDHA","Gujarat","Private Unaided (Recognized)","Primary with Upper Primary","391240"
"24190404202","ACADEMIC HEIGHTS PUBLIC SCHOOL","VADODARA","KHANDHA","Gujarat","Private Unaided (Recognized)","Primary with Upper Primary","391240"
"24190207701","PARA PRIMARY SCHOOL","VADODARA","PARA","Gujarat","Local body","Primary","391110"
"24190709501","SOKHADA RAGHU PRIMARY SCHOOL","VADODARA","SOKHADA RAGHU","Gujarat","Local body","Primary with Upper Primary","391240"
"24190408901","UMAJ PRI. SCH.","VADODARA","UMAJ","Gujarat","Local body","Primary with Upper Primary","391240"
"24190210401","VADAJ PRIMARY SCHOOL","VADODARA","VADAJ","Gujarat","Local body","Primary with Upper Primary","391105"
"24190404801","KURAI PRI. SCH.","VADODARA","KURAI","Gujarat","Local body","Primary with Upper Primary","391240"
"24190201901","BHILODIYA PRIMARY SCHOOL","VADODARA","BHILODIYA","Gujarat","Local body","Primary with Upper Primary","391110"
"24190403604","SHREE SWAMINARAYAN GURUKUL","VADODARA","KANDARI","Gujarat","Private Unaided (Recognized)","Pri. with Upper Pri. Sec. and H.Sec.","391210"
"24190403605","MANAV KENDRA GYAN MANDIR SCH.","VADODARA","KANDARI","Gujarat","Private Unaided (Recognized)","Pri. with Upper Pri. Sec. and H.Sec.","391210"
"24190402702","SMT.N.R.PATEL SARVAJANIK VIDYALAYA","VADODARA","HANDOD","Gujarat","Government Aided","Secondary with Higher Secondary","391240"
"24190403601","KANDARI PRI. SCH.","VADODARA","KANDARI","Gujarat","Local body","Primary","391210"
"24190711303","SHREE VANACHHARA VIDHYA MANDIR","VADODARA","VANCHHRA","Gujarat","Government Aided","Secondary Only","391430"
"24190711301","VANCHHRA PRIMARY SCHOOL","VADODARA","VANCHHRA","Gujarat","Local body","Primary with Upper Primary","391430"
"24190403823","CHINMAY INTERNATIONAL SCHOOL GUJ","VADODARA","ANASTU","Gujarat","Private Unaided (Recognized)","Pri. Upper Pri. and Secondary Only","391240"
"24190403824","CHINMAY INTERNATIONAL SCHOOL ENG","VADODARA","ANASTU","Gujarat","Private Unaided (Recognized)","Primary with Upper Primary","391240"
"24190702201","DANOLI PRIMARY SCHOOL","VADODARA","DANOLI","Gujarat","Local body","Primary with Upper Primary","391421"
"24190210402","VADAJ - 1 N.V. SCH.","VADODARA","VADAJ","Gujarat","Local body","Primary","391105"
"24190402701","HANDOD PRI. SCH.","VADODARA","HANDOD","Gujarat","Local body","Primary with Upper Primary","391240"
"24190711401","VASNA REF PRIMARY SCHOOL","VADODARA","VASNA REF","Gujarat","Local body","Primary","391430"
"24190403606","PATEL J.K. SARV. HIGH. SCHL","VADODARA","KANDARI","Gujarat","Government Aided","Secondary with Higher Secondary","391210"
"24190403607","SHRI VIDHYAVIHAR PRI.SCHOOL","VADODARA","KANDARI","Gujarat","Private Unaided (Recognized)","Primary","391210"
"24190403603","SMT K T PATEL SARV.PRI.VIDHYAMANDIR","VADODARA","KANDARI","Gujarat","Government Aided","Upper Primary only","391210"
"24190403602","KANDARI (GOUCHAR) PRI. SCHOOL","VADODARA","KANDARI","Gujarat","Local body","Primary","391210"
"24190205002","KAYA VAROHAN KANYA PRI.SCH.","VADODARA","KAYA VAROHAN","Gujarat","Local body","Primary with Upper Primary","391220"
"24190202803","SITPUR PRIMARY SCHOOL","VADODARA","DHARAM PURI","Gujarat","Local body","Primary with Upper Primary","391110"
"24190205007","SHREE N. H. PATEL KANYA VIDHYALAY","VADODARA","KAYA VAROHAN","Gujarat","Government Aided","Secondary Only","391220"
"24190402001","DHANORA PRI. SCH.","VADODARA","DHANORA","Gujarat","Local body","Primary","396001"
"24190205004","LAKULISH VIDHYA MANDIR","VADODARA","KAYA VAROHAN","Gujarat","Government Aided","Upper Primary only","391220"
"24190205009","SHREE LAKULISH VIDHYAMANDIR SEC & HIGH SEC SCHOOL","VADODARA","KAYA VAROHAN","Gujarat","Government Aided","Secondary with Higher Secondary","391220"
"24190209404","SHREE SARSWATI VIDYAMANDIR","VADODARA","SITPUR","Gujarat","Government Aided","Secondary Only","391110"
"24190205006","DEVI ANSUYA VIDHAYALAY","VADODARA","KAYA VAROHAN","Gujarat","Private Unaided (Recognized)","Pri. with Upper Pri. Sec. and H.Sec.","391220"
"24190205001","KAYA VAROHAN KUMAR PRI.SCH.","VADODARA","KAYA VAROHAN","Gujarat","Local body","Primary with Upper Primary","391220"
"24190209601","SULTANPURA PRIMARY SCHOOL","VADODARA","SULTANPURA","Gujarat","Local body","Primary","391210"
"24190205005","SHREE SARSVATI PRIMARY SCH.","VADODARA","KAYA VAROHAN","Gujarat","Private Unaided (Recognized)","Primary","391220"
"24190206004","MANDALA  BINANUDANIT PRI.SCH.","VADODARA","MANDALA","Gujarat","Private Unaided (Recognized)","Primary","391210"
"24190207001","NANA FOFALIYA PRIMARY SCHOOL","VADODARA","NANA FOFALIYA","Gujarat","Local body","Primary","391210"
"24190202901","DHARMAPURA PRIMARY SCHOOL","VADODARA","DHARMAPURA","Gujarat","Local body","Primary","391110"
"24190207901","PARIKHA PRIMARY SCHOOL","VADODARA","PARIKHA","Gujarat","Local body","Primary","391210"
"24190204401","KANAYADA PRIMARY SCHOOL","VADODARA","KANAYADA","Gujarat","Local body","Primary with Upper Primary","391111"
"24190202807","NAVI MANGROL N.V PRIMARY SCH","VADODARA","DHARAM PURI","Gujarat","Local body","Primary","391110"
"24190400201","ABHRA PRI. SCH.","VADODARA","ABHRA","Gujarat","Local body","Primary with Upper Primary","391240"
"24190400202","ABHRAPURA PRI. SCH.","VADODARA","ABHRA","Gujarat","Local body","Primary","391240"
"24190202806","NAVI MANGROL PRIMARY SCHOOL","VADODARA","DHARAM PURI","Gujarat","Local body","Primary","391110"
"24190210403","VADAJ - 2 N.V. SCH.","VADODARA","VADAJ","Gujarat","Local body","Primary","391110"
"24190208805","SHREE HATKESHWAR VIDYALAYA","VADODARA","SATHOD","Gujarat","Government Aided","Secondary Only","391110"
"24190206002","MANDALA KANYA PRI.SCH.","VADODARA","MANDALA","Gujarat","Local body","Primary with Upper Primary","391210"
"24190206003","MANDALA HIGH SCH (UPPER PRI.SCH)","VADODARA","MANDALA","Gujarat","Government Aided","Upper Primary only","391210"
"24190206005","MANDALA SEC & HIGHER SEC. SCH","VADODARA","MANDALA","Gujarat","Government Aided","Secondary with Higher Secondary","391210"
"24190208804","SATHOD NARMADA VASAHAT 2 SCH","VADODARA","SATHOD","Gujarat","Local body","Primary","391111"
"24190205010","UNIVERSAL PUBLIC SCHOOL","VADODARA","KAYA VAROHAN","Gujarat","Private Unaided (Recognized)","Primary with Upper Primary","391220"
"24190400301","ANASTU PRI. SCH.","VADODARA","ANASTU","Gujarat","Local body","Primary with Upper Primary","391240"
"24190704901","KOTNA PRIMARY SCHOOL","VADODARA","KOTNA","Gujarat","Local body","Primary with Upper Primary","391240"
"24190409401","VIRJAI PRI. SCH.","VADODARA","VIRJAI","Gujarat","Local body","Primary with Upper Primary","391240"
"24190206001","MANDALA KUMAR PRI.SCH.","VADODARA","MANDALA","Gujarat","Local body","Primary with Upper Primary","391210"
"24190706108","SHAPLA.GUJ.PRA.SHADA","VADODARA","MASAR","Gujarat","Local body","Primary","391421"
"24190205008","SHREE HAIDIYAKHANDI SANSKRIT MAHA VIDYALAY","VADODARA","KAYA VAROHAN","Gujarat","Government Aided","Secondary with Higher Secondary","391220"
"24190208801","SATHOD PRIMARY SCHOOL","VADODARA","SATHOD","Gujarat","Local body","Primary with Upper Primary","391111"
"24190208802","SATHOD NARMADA VASAHAT -1SCH","VADODARA","SATHOD","Gujarat","Local body","Primary","391111"
"24190203301","GAMDI PRIMARY SCHOOL","VADODARA","GAMADI","Gujarat","Local body","Primary with Upper Primary","391111"
"24190405501","MANGLEJ PRI. SCH.","VADODARA","MANGLEJ","Gujarat","Local body","Primary","391210"
"24190202805","JUNI MANGROL PRIMARY SCHOOL","VADODARA","DHARAM PURI","Gujarat","Local body","Primary","391110"
"24190208807","SANKALP VIDHAYALAY","VADODARA","SATHOD","Gujarat","Private Unaided (Recognized)","Primary","391111"
"24190202645","FAITH PUBLIC SCHOOL","VADODARA","DABHOI(NAGAR)","Gujarat","Private Unaided (Recognized)","Primary with Upper Primary","391110"
"24190701101","BHANPUR PRIMARY SCHOOL","VADODARA","BHANPUR","Gujarat","Local body","Primary","391440"
"24190208201","PUNIYAD PRIMARY SCHOOL","VADODARA","PUNIYAD","Gujarat","Local body","Primary with Upper Primary","391210"
"24190404301","KHERDA PRI. SCH.","VADODARA","KHERDA","Gujarat","Local body","Primary with Upper Primary","391240"
"24190205501","KUNVAR PURA PRIMARY SCHOOL","VADODARA","KUNVARPURA","Gujarat","Local body","Primary","391220"
"24190202804","SITPUR N.V PRIMARY SCHOOL","VADODARA","DHARAM PURI","Gujarat","Local body","Primary","391110"
"24190202801","DHARAM PURI PRIMARY SCHOOL","VADODARA","DHARAM PURI","Gujarat","Local body","Primary with Upper Primary","391110"
"24190709101","SHAHERA PRIMARY SCHOOL","VADODARA","SHAHERA","Gujarat","Local body","Primary","391440"
"24190206703","SHREE B.R.PATEL SARVAJANIK HIGH SCHOOL","VADODARA","MOTA HABI PURA","Gujarat","Government Aided","Secondary Only","391110"
"24190400901","BAMAN GAM PRI. SCH.","VADODARA","BAMAN GAM","Gujarat","Local body","Primary with Upper Primary","391210"
"24190205101","KHANPURA PRIMARY SCHOOL","VADODARA","KHANPUR","Gujarat","Local body","Primary","391220"
"24190405801","MANPUR PRI. SCH.","VADODARA","MANPUR","Gujarat","Local body","Primary with Upper Primary","391240"
"24190206301","MENPURA PRIMARY SCHOOL","VADODARA","MENPURA","Gujarat","Local body","Primary","391220"
"24190206701","MOTA HABI PURA PRIMARY SCHOOL","VADODARA","MOTA HABI PURA","Gujarat","Local body","Primary with Upper Primary","391111"
"24190407601","SAMBHOI PRI. SCH.","VADODARA","SAMBHOI","Gujarat","Local body","Primary with Upper Primary","391240"
"24190706102","SHREE MMPSS HIGHSCHOOL MASARROAD","VADODARA","MASAR","Gujarat","Government Aided","Secondary with Higher Secondary","391421"
"24190205201","KOTHARA PRIMARY SCHOOL","VADODARA","KOTHARA","Gujarat","Local body","Primary","391210"
"24190208803","SHINOR ROAD N.V. SCH.","VADODARA","SATHOD","Gujarat","Local body","Primary","391110"
"24190205011","DEVI ANSUYA VIDHYALAY ENGLISH MEDIUM","VADODARA","KAYA VAROHAN","Gujarat","Private Unaided (Recognized)","Primary","391220"
"24190704301","KANZAT KUMAR PRIMARY SCHOOL","VADODARA","KANZAT","Gujarat","Local body","Primary with Upper Primary","391421"
"24190704302","KANZAT KANYA PRIMARY SCH.","VADODARA","KANZAT","Gujarat","Local body","Primary with Upper Primary","391421"
"24190210001","THAR VASA PRIMARY SCHOOL","VADODARA","THAR VASA","Gujarat","Local body","Primary","391110"
"24190202802","DHARAM PURI VASAHAT PRI.SCH.","VADODARA","DHARAM PURI","Gujarat","Local body","Primary","391110"
"24190202615","GAMDI N.V. PRI.SCH","VADODARA","DABHOI(NAGAR)","Gujarat","Local body","Primary","391111"
"24190206705","NOBLE PUBLIC SCHOOL (ENGLISH MEDIUM)","VADODARA","MOTA HABI PURA","Gujarat","Private Unaided (Recognized)","Primary with Upper Primary",""
"24190206704","NOBLE PUBLIC SCHOOL (GUJARATI MEDIUM)","VADODARA","MOTA HABI PURA","Gujarat","Private Unaided (Recognized)","Pri. with Upper Pri. Sec. and H.Sec.","391110"
"24190408801","SURVADA PRI. SCH.","VADODARA","SURVADA","Gujarat","Local body","Primary with Upper Primary","391240"
"24190206702","MOTAHABIPURA N.V. PRI. SCHOOL","VADODARA","MOTA HABI PURA","Gujarat","Local body","Primary","391110"
"24190709201","SHANPUR PRIMARY SCHOOL","VADODARA","SHANPUR","Gujarat","Local body","Primary with Upper Primary","391430"
"24191112001","SARAR PRI.SCH.","VADODARA","SARAR","Gujarat","Local body","Primary with Upper Primary","391241"
"24190704801","KOTHVADA PRIMARY SCHOOL","VADODARA","KOTHWADA","Gujarat","Local body","Primary","391445"
"24190201501","BARIPURA PRIMARY SCHOOL","VADODARA","BARIPURA","Gujarat","Local body","Primary","391210"
"24190402801","HARSUNDA PRI. SCH.","VADODARA","HARSUNDA","Gujarat","Local body","Primary","391240"
"24190201502","BARIPURA NARMADA VASAHAT SCH","VADODARA","BARIPURA","Gujarat","Local body","Primary","391210"
"24190202502","KOTHARA NV PRIMARY SCHOOL","VADODARA","CHHATRAL","Gujarat","Local body","Primary","391210"
"24190211401","VAKHATPURA P. SCHOOL","VADODARA","VAKHATPURA","Gujarat","Local body","Primary","391210"
"24190406901","PINGAL VADA PRI. SCH.","VADODARA","PINGALVADA","Gujarat","Local body","Primary with Upper Primary","391240"
"24190204703","KARANET PRI SCH","VADODARA","KARANET","Gujarat","Local body","Primary with Upper Primary","391110"
"24191106701","KASHIPURA PRI.SCH.","VADODARA","KASHIPURA","Gujarat","Local body","Primary","391220"
"24190706112","SHREE M.M.P.S. SARVAJANIK HIGH SCHOOL (PRATHMIK VIBHAG)","VADODARA","MASAR","Gujarat","Government Aided","Upper Primary only",""
"24190202501","CHHATRAL PRIMARY SCHOOL","VADODARA","CHHATRAL","Gujarat","Local body","Primary with Upper Primary","391210"
"24190209001","SEJPURA PRIMARY SCHOOL","VADODARA","SEJPURA","Gujarat","Local body","Primary","391107"
"24190204701","KARANET NARMADA VASAHAT-2 SCH","VADODARA","KARANET","Gujarat","Local body","Primary","391110"
"24190202648","NAVPAD SARVAJANIK HIGH SCH (SEC & HIGH.SEC)","VADODARA","DABHOI(NAGAR)","Gujarat","Government Aided","Secondary with Higher Secondary","391110"
"24190202649","NAVPAD VIDHYAMANDIR","VADODARA","DABHOI(NAGAR)","Gujarat","Private Unaided (Recognized)","Primary","391110"
"24190710301","THIKARIYA MATH PRIMARY SCHOOL","VADODARA","THIKARIYAMATH","Gujarat","Local body","Primary","391430"
"24190700101","ABHOR PRIMARY SCHOOL","VADODARA","ABHOR","Gujarat","Local body","Primary","391421"
"24190708201","SADAD PRIMARY SCHOOL","VADODARA","SADAD","Gujarat","Local body","Primary","391445"
"24190707601","PINDAPA PRIMARY SCHOOL","VADODARA","PINDAPA","Gujarat","Local body","Primary with Upper Primary","391430"
"24191113901","UNTIYA PRI.SCH.","VADODARA","UNTIYA","Gujarat","Local body","Primary","391240"
"24190708501","SAKARIYA PURA PRIMARY SCHOOL","VADODARA","SAKARIYA PURA","Gujarat","Local body","Primary","391421"
"24190204702","KARANET NARMADA VASAHAT-1 SCH","VADODARA","KARANET","Gujarat","Local body","Primary","391110"
"24190202201","BORIYAD PRIMARY SCHOOL","VADODARA","BORIYAD","Gujarat","Local body","Primary","391110"
"24191111701","SAMSABAD PRI.SCH.","VADODARA","SAMSABAD","Gujarat","Local body","Primary","391220"
"24190206803","K M AMIN ADARSH VIDHYALAYA","VADODARA","NADA","Gujarat","Government Aided","Upper Primary only","391210"
"24190206804","SHREE M.M.AMIN ADRSH VIDYALAYA","VADODARA","NADA","Gujarat","Government Aided","Secondary Only","391210"
"24190202644","NAVPAD INTERNATIONAL SCHOOL ENG MED","VADODARA","DABHOI(NAGAR)","Gujarat","Private Unaided (Recognized)","Pri. Upper Pri. and Secondary Only","391110"
"24190703801","HUSEPUR PRIMARY SCHOOL","VADODARA","HUSEPUR","Gujarat","Local body","Primary","391445"
"24190202701","DANGIKUVA PRIMARY SCHOOL","VADODARA","DANGIKUVA","Gujarat","Local body","Primary","391107"
"24190208806","FAIRYLAND GUJARATI MEDIUM SCHOOL","VADODARA","SATHOD","Gujarat","Private Unaided (Recognized)","Primary","391111"
"24190202006","BHIMPURA (K) PRI. SCH.","VADODARA","BHIMPURA","Gujarat","Local body","Primary with Upper Primary","391110"
"24190206801","NADA PRIMARY SCHOOL","VADODARA","NADA","Gujarat","Local body","Primary","391210"
"24190202631","NAVPAD VIDHYALAYA (PRI & UP.PRI)","VADODARA","DABHOI(NAGAR)","Gujarat","Private Unaided (Recognized)","Upper Primary only","391110"
"24190704201","KANDA PRIMARY SCHOOL","VADODARA","KANDA","Gujarat","Local body","Primary","391430"
"24191104601","GOSINDRA PRI.SCH.","VADODARA","GOSINDRA","Gujarat","Local body","Primary","391240"
"24191103804","FAJALPURA(A) PRI SCH.","VADODARA","ANKHI","Gujarat","Local body","Primary","391243"
"24190202618","M P C DESAI PRIMARY AND SEC ENG MED","VADODARA","DABHOI(NAGAR)","Gujarat","Private Unaided (Recognized)","Pri. Upper Pri. and Secondary Only","391110"
"24190202630","G M V AMBIKA PRI SCH","VADODARA","DABHOI(NAGAR)","Gujarat","Private Unaided (Recognized)","Primary","391110"
"24190202651","SHREE N.K.MODI HIGH SCHOOL","VADODARA","DABHOI(NAGAR)","Gujarat","Private Unaided (Recognized)","Higher Secondary only/Jr. College","391110"
"24190202629","M H DAYARAM SHARDA MANDIR","VADODARA","DABHOI(NAGAR)","Gujarat","Private Unaided (Recognized)","Upper Primary only","391110"
"24190202639","SHREE M.H.DAYARAM SEC & HIGH SEC SCHOOL","VADODARA","DABHOI(NAGAR)","Gujarat","Government Aided","Secondary with Higher Secondary","391110"
"24190701703","SHREE SAGAR VIDHYALAYA ( PRATHMIK VIBHAG)","VADODARA","CHITRAL","Gujarat","Government Aided","Upper Primary only","391430"
"24190202604","KUMAR SHALA - 4 PRI.SCH.","VADODARA","DABHOI(NAGAR)","Gujarat","Local body","Primary","391110"
"24190202610","KANYA SHALA - 3 PRI.SCH.","VADODARA","DABHOI(NAGAR)","Gujarat","Local body","Primary","391110"
"24190202603","KUMAR SHALA - 3 PRI.SCH.","VADODARA","DABHOI(NAGAR)","Gujarat","Local body","Primary","391110"
"24190202602","KUMAR SHALA - 2 PRI.SCH.","VADODARA","DABHOI(NAGAR)","Gujarat","Local body","Primary","391110"
"24190202650","GOVERNMENT ENGLISH MEDIUM PRI SCHOOL","VADODARA","DABHOI(NAGAR)","Gujarat","Local body","Primary","391110"
"24190202626","R G PANDYA HIGH SCH.","VADODARA","DABHOI(NAGAR)","Gujarat","Private Unaided (Recognized)","Upper Primary only","391110"
"24190206802","NADA NAVI VASAHAT PRI.SCH.","VADODARA","NADA","Gujarat","Local body","Primary","391110"
"24190202646","JUNIOR SCIENCE COLLEGE","VADODARA","DABHOI(NAGAR)","Gujarat","Private Unaided (Recognized)","Higher Secondary only/Jr. College","391110"
"24190202625","PANDYA PRI SCH","VADODARA","DABHOI(NAGAR)","Gujarat","Government Aided","Primary","391110"
"24190202622","VISHVA BHARTI VIDYALAYA","VADODARA","DABHOI(NAGAR)","Gujarat","Private Unaided (Recognized)","Primary with Upper Primary","391110"
"24190202640","VISHVABHARTI MADHYAMIK VIDHYALAY","VADODARA","DABHOI(NAGAR)","Gujarat","Private Unaided (Recognized)","Secondary with Higher Secondary","391110"
"24190202612","KANYA SHALA - 5 PRI.SCH.","VADODARA","DABHOI(NAGAR)","Gujarat","Local body","Primary","391110"
"24190202611","KANYA SHALA - 4 PRI.SCH.","VADODARA","DABHOI(NAGAR)","Gujarat","Local body","Primary","391110"
"24190202638","SHREE R.G.PANDYA SEC & HIGH SEC SCHOOL","VADODARA","DABHOI(NAGAR)","Gujarat","Government Aided","Secondary with Higher Secondary","391110"
"24191110201","RAMAN GAMDI PRI.SCH.","VADODARA","RAMAN GAMDI","Gujarat","Local body","Primary","390012"
"24190202608","KANYA SHALA - 1 PRI.SCH.","VADODARA","DABHOI(NAGAR)","Gujarat","Local body","Upper Primary only","391110"
"24190202601","KUMAR SHALA - 1","VADODARA","DABHOI(NAGAR)","Gujarat","Local body","Upper Primary only","391110"
"24190202621","SANSKAR PRI AND SEC SCH","VADODARA","DABHOI(NAGAR)","Gujarat","Private Unaided (Recognized)","Pri. Upper Pri. and Secondary Only","391110"
"24190202605","KUMAR SHALA - 5 PRI.SCH.","VADODARA","DABHOI(NAGAR)","Gujarat","Local body","Primary","391110"
"24190202609","KANYA SHALA - 2 PRI.SCH.","VADODARA","DABHOI(NAGAR)","Gujarat","Local body","Primary","391110"
"24190202606","KUMAR SHALA - 6 PRI.SCH.","VADODARA","DABHOI(NAGAR)","Gujarat","Local body","Primary","391110"
"24190209312","SINDHIYAPURA PRIMARY SCHOOL","VADODARA","SIMLIYA","Gujarat","Local body","Primary","391110"
"24190202643","MADANI SARVAJANIK SCHOOL","VADODARA","DABHOI(NAGAR)","Gujarat","Private Unaided (Recognized)","Primary with Upper Primary","391110"
"24191101001","ANKHI PRI.SCH.","VADODARA","ANKHI","Gujarat","Local body","Primary with Upper Primary","391243"
"24190202627","MAHEDEVIYA  KANYA PRI SCH","VADODARA","DABHOI(NAGAR)","Gujarat","Government Aided","Primary with Upper Primary","391110"
"24190202628","MAHEDEVIYA SARVA KUMAR PRI SCH","VADODARA","DABHOI(NAGAR)","Gujarat","Government Aided","Primary with Upper Primary","391110"
"24190703401","GAYAPURA PRIMARY SCHOOL","VADODARA","GAYAPURA","Gujarat","Local body","Primary","391430"
"24190706304","MOBHA ADARSHA SCHOOL","VADODARA","MOBHA","Gujarat","Local body","Primary with Upper Primary","391430"
"24190202003","KHANDIYA KUVA PRIMARY SCHOOL","VADODARA","BHIMPURA","Gujarat","Local body","Primary","391110"
"24190202641","MAHEDAVIA SARVAJANIK HIGH SCHOOL","VADODARA","DABHOI(NAGAR)","Gujarat","Government Aided","Secondary with Higher Secondary","391110"
"24190706110","MAHARSHI VIDHYALAY- MASAR ROAD","VADODARA","MASAR","Gujarat","Private Unaided (Recognized)","Primary with Upper Primary","391421"
"24190210101","THIKARIYA PRIMARY SCHOOL","VADODARA","THIKARIYA","Gujarat","Local body","Primary","391107"
"24191101005","BARODA PUBLIC SCHOOL (GUJ)","VADODARA","ANKHI","Gujarat","Private Unaided (Recognized)","Pri. with Upper Pri. Sec. and H.Sec.","391243"
"24190202101","BORBAR PRIMARY SCHOOL","VADODARA","BORBAR","Gujarat","Local body","Primary with Upper Primary","391107"
"24191101003","BARODA PUBLIC SCHOOL (SEC & HSEC)","VADODARA","ANKHI","Gujarat","Private Unaided (Recognized)","Secondary with Higher Secondary","391243"
"24191101002","BARODA PUBLIC SCHOOL","VADODARA","ANKHI","Gujarat","Private Unaided (Recognized)","Primary with Upper Primary","391243"
"24190706101","MASAR PRIMARY SCHOOL","VADODARA","MASAR","Gujarat","Local body","Primary with Upper Primary","391421"
"24190708401","SADRA PRIMARY SCHOOL","VADODARA","SADRA","Gujarat","Local body","Primary with Upper Primary","391430"
"24190202002","KHUNDHIYAPURA PRIMARY SCHOOL","VADODARA","BHIMPURA","Gujarat","Local body","Primary","391110"
"24190202623","MAULANA ABUL KALAM AZAD  P S","VADODARA","DABHOI(NAGAR)","Gujarat","Private Unaided (Recognized)","Primary with Upper Primary","391110"
"24190202613","VAGHNATH PURA PRI.SCH.","VADODARA","DABHOI(NAGAR)","Gujarat","Local body","Primary","391110"
"24190202607","SUNDARKUVA PRI.SCH.","VADODARA","DABHOI(NAGAR)","Gujarat","Local body","Primary","391110"
"24191110401","RAMNATH PRI.SCH.","VADODARA","RAMNATH","Gujarat","Local body","Primary with Upper Primary","391243"
"24190202614","MODEL FORM PRI. SCH.","VADODARA","DABHOI(NAGAR)","Gujarat","Local body","Primary","391110"
"24190205301","KUKAD PRIMARY SCHOOL","VADODARA","KUKAD","Gujarat","Local body","Primary","391110"
"24191111101","RUVAD PRI.SCH.","VADODARA","RUVAD","Gujarat","Local body","Primary with Upper Primary","391220"
"24191109601","POR PRI.SCH.","VADODARA","POR","Gujarat","Local body","Primary with Upper Primary","391243"
"24190706111","SHREE GIRDHAR VIDHYALAYA","VADODARA","MASAR","Gujarat","Government Aided","Secondary Only","391421"
"24191109605","SHREE BALIYADEV HIGH SCHOOL POR","VADODARA","POR","Gujarat","Government Aided","Secondary Only","391243"
"24190705102","PRAGTI VIDHYALAY","VADODARA","KURAL","Gujarat","Private Unaided (Recognized)","Primary with Upper Primary","391421"
"24191109608","GOV.ENGLISH MEDIUM SCH (POR)","VADODARA","POR","Gujarat","Local body","Primary","391243"
"24191109607","SHREE KANAM PRADESH PATIDAR SEVA SAMAJ ENGLISH","VADODARA","KAJAPUR","Gujarat","Private Unaided (Recognized)","Pri. Upper Pri. and Secondary Only","291243"
"24191109604","SHREE KANAM PRADESH PATIDAR SEVA SAMAJ","VADODARA","KAJAPUR","Gujarat","Private Unaided (Recognized)","Pri. with Upper Pri. Sec. and H.Sec.","391243"
"24191109603","SHREE SARASWATI  VIDYA MANDIR","VADODARA","POR","Gujarat","Private Unaided (Recognized)","Primary with Upper Primary","391243"
"24190207202","NARIYA VASAHAT SCH.","VADODARA","NARIYA","Gujarat","Local body","Primary","391107"
"24190706201","MEDHAD PRIMARY SCHOOL","VADODARA","MEDHAD","Gujarat","Local body","Primary","391440"
"24191105402","ITOLA KRUSHI PRI SCH","VADODARA","ITOLA","Gujarat","Local body","Primary with Upper Primary","391240"
"24191111302","GYANYAGNA HIGH SCHOOL- SALAD","VADODARA","SALAD","Gujarat","Government Aided","Secondary Only","391220"
"24190705101","KURAL PRIMARY SCHOOL","VADODARA","KURAL","Gujarat","Local body","Primary with Upper Primary","391430"
"24190200801","AMBAV N.V. PRIMARY SCHOOL","VADODARA","AMBAV","Gujarat","Local body","Primary","391107"
"24190211101","VEGA PRIMARY SCHOOL","VADODARA","VEGA","Gujarat","Local body","Primary","391110"
"24190211105","AVALON WORLD SCHOOL","VADODARA","VEGA","Gujarat","Private Unaided (Recognized)","Primary with Upper Primary","391110"
"24190211103","CHIMANBHAI PATEL VIDYA SANKUL","VADODARA","VEGA","Gujarat","Private Unaided (Recognized)","Pri. Upper Pri. and Secondary Only","391110"
"24190205303","DHAL NAGAR NARMADA VASAHAT SCH","VADODARA","KUKAD","Gujarat","Local body","Primary","391110"
"24190202636","SARDAR PATEL U.B. VIDYALAY","VADODARA","DABHOI(NAGAR)","Gujarat","Government Aided","Secondary Only","391110"
"24190711601","VIRPUR PRIMARY SCHOOL","VADODARA","VIRPUR","Gujarat","Local body","Primary","391445"
"24191108401","MEGHA KUI PRI.SCH.","VADODARA","MEGAKUI","Gujarat","Local body","Primary with Upper Primary","391107"
"24190211102","DARU TTARABIYAT PVT PRI SCH","VADODARA","VEGA","Gujarat","Private Unaided (Recognized)","Pri. Upper Pri. and Secondary Only","391110"
"24191111301","SALAD PRI.SCH.","VADODARA","SALAD","Gujarat","Local body","Primary with Upper Primary","391220"
"24190205302","KUKAD NARMADA VASAHAT SCH","VADODARA","KUKAD","Gujarat","Local body","Primary with Upper Primary","391110"
"24190208601","SAMSHERPURA PRIMARY SCHOOL","VADODARA","SAMSHERPURA","Gujarat","Local body","Primary","391110"
"24191113902","UNTIYA (POR) PRI.SCH.","VADODARA","KAJAPUR","Gujarat","Local body","Primary","391220"
"24190700901","BHADARA PRIMARY SCHOOL","VADODARA","BHADARA","Gujarat","Local body","Primary","391445"
"24190209309","AKOTADAR N.V. 1 PRIMARY SCHOOL","VADODARA","SIMLIYA","Gujarat","Local body","Primary","391110"
"24190701001","BHADARI PRIMARY SCHOOL","VADODARA","BHADARI","Gujarat","Local body","Primary with Upper Primary","391445"
"24190705103","SHREE PRADESH JYOTI VIDHYA MANDIR","VADODARA","KURAL","Gujarat","Government Aided","Secondary with Higher Secondary","391430"
"24190203101","FARTI KUI PRIMARY SCHOOL","VADODARA","FARTI KUI","Gujarat","Local body","Primary with Upper Primary","391107"
"24190209308","AKOTADAR PRIMARY SCHOOL","VADODARA","SIMLIYA","Gujarat","Local body","Primary","391110"
"24191105405","SHREE NARAYAN GLOBAL SCHOOL ENG MED","VADODARA","POR","Gujarat","Private Unaided (Recognized)","Pri. with Upper Pri. Sec. and H.Sec.","391243"
"24191105406","SHREE NARAYAN GLOBAL SCHOOL GUJ MED","VADODARA","POR","Gujarat","Private Unaided (Recognized)","Pri. with Upper Pri. Sec. and H.Sec.","391243"
"24190700602","VINAY VIDHYALAY AMBADA","VADODARA","AMBADA","Gujarat","Government Aided","Secondary Only","391445"
"24190700601","AMBADA PRIMARY SCHOOL","VADODARA","AMBADA","Gujarat","Local body","Primary with Upper Primary","391445"
"24190701301","BRAHAMAN VASHI PRIMARY SCHOOL","VADODARA","BRAHAMAN VASHI","Gujarat","Local body","Primary with Upper Primary","391421"
"24190704101","KALYAN KUI PRIMARY SCHOOL","VADODARA","KALYAN KUI","Gujarat","Local body","Primary","391430"
"24190202004","PANKHAR PRIMARY SCHOOL","VADODARA","BHIMPURA","Gujarat","Local body","Primary","391110"
"24191105401","ITOLA STATION PRI.SCH.","VADODARA","VADASALA","Gujarat","Local body","Primary with Upper Primary","391243"
"24191105407","SHREE BALIYADEV VIDHYAMANDIR (UPPER PRIMARY)","VADODARA","VADASALA","Gujarat","Government Aided","Upper Primary only","391243"
"24190210501","VADHVANA PRIMARY SCHOOL","VADODARA","VADHVANA","Gujarat","Local body","Primary with Upper Primary","391110"
"24190710201","THIKARIYA (MUBA) PRI.SCH","VADODARA","THIKARIYA (MUBA)","Gujarat","Local body","Primary","391440"
"24191105901","KAJAPUR PRI.SCH.","VADODARA","KAJAPUR","Gujarat","Local body","Primary with Upper Primary","391220"
"24190204301","KAJAPURA PRIMARY SCHOOL","VADODARA","KAJAPUR","Gujarat","Local body","Primary","391110"
"24190706305","VAKAL HIGHSCHOOL","VADODARA","MOBHA","Gujarat","Government Aided","Upper Pri. Secondary and Higher Sec","391430"
"24191100601","AJITPURA PRI.SCH.","VADODARA","SHAHPURA","Gujarat","Local body","Primary","383912"
"24191105404","PRANAMI VIDHYALAY","VADODARA","ITOLA","Gujarat","Private Unaided (Recognized)","Primary with Upper Primary","391243"
"24191106201","KANDKUI PRI.SCH.","VADODARA","KANDKUI","Gujarat","Local body","Primary","391107"
"24190207201","NARIYA PRIMARY SCHOOL","VADODARA","NARIYA","Gujarat","Local body","Primary with Upper Primary","391107"
"24190706302","MOBHA ROAD PRI. SCH.","VADODARA","MOBHA","Gujarat","Local body","Primary","391430"
"24191105403","SHREE BALIYADEV VIDHYAMANDIR","VADODARA","VADASALA","Gujarat","Government Aided","Secondary with Higher Secondary","391243"
"24190209801","TARSANA PRIMARY SCHOOL","VADODARA","TARSANA","Gujarat","Local body","Primary","391110"
"24190703001","GAMETHA PRIMARY SCHOOL","VADODARA","GAMETHA","Gujarat","Local body","Primary with Upper Primary","391430"
"24190210301","TIMBI PRIMARY SCHOOL","VADODARA","TIMBI","Gujarat","Local body","Primary","391110"
"24190703301","GAVASAD PRIMARY SCHOOL","VADODARA","GAVASAD","Gujarat","Local body","Primary with Upper Primary","391430"
"24190703901","JALALPURA PRIMARY SCHOOL","VADODARA","JALAL PURA","Gujarat","Local body","Primary with Upper Primary","391430"
"24191114101","VADASALA PRI.SCH.","VADODARA","VADASALA","Gujarat","Local body","Primary with Upper Primary","391220"
"24190703903","GRAM SWARAJ VIDHYALAYA","VADODARA","JALAL PURA","Gujarat","Government Aided","Secondary Only","391430"
"24190210201","THUVAVI KUMAR PRIMARY SCHOOL","VADODARA","THUVAVI","Gujarat","Local body","Primary with Upper Primary","391107"
"24190210202","THUVAVI KANYA PRIMARY SCHOOL","VADODARA","THUVAVI","Gujarat","Local body","Primary","391107"
"24190206501","MORPURA PRIMARY SCHOOL","VADODARA","MORPURA","Gujarat","Local body","Primary","391110"
"24190209310","PANSOLI PRIMARY SCHOOL","VADODARA","SIMLIYA","Gujarat","Local body","Primary with Upper Primary","391110"
"24191103901","FATEPURA PRI.SCH.","VADODARA","VARNAMA","Gujarat","Local body","Primary","391220"
"24191104701","HANSAPURA PRI.SCH.","VADODARA","SHAHPURA","Gujarat","Local body","Primary","391220"
"24191108301","MASTUPUR GAMADI PRI.SCH.","VADODARA","KANDKUI","Gujarat","Local body","Primary","391310"
"24190208101","PUDA PRIMARY SCHOOL","VADODARA","PUDA","Gujarat","Local body","Primary","391107"
"24190707801","RAJUPURA PRIMARY SCHOOL","VADODARA","RAJPURA","Gujarat","Local body","Primary","391445"
"24191114305","SHREE SWAMINARAYAN GURUKUL PRI SCH(GUJ)","VADODARA","VARNAMA","Gujarat","Private Unaided (Recognized)","Upper Primary only",""
"24191114306","SHREE SWAMINARAYAN GURUKUL INTERNATIONAL SCH(ENG)","VADODARA","VARNAMA","Gujarat","Private Unaided (Recognized)","Primary with Upper Primary",""
"24190210204","SHREE D.K.PATEL SARV HIGH SCHOOL","VADODARA","THUVAVI","Gujarat","Government Aided","Secondary with Higher Secondary","391107"
"24190208301","RAJALI PRIMARY SCHOOL","VADODARA","RAJALI","Gujarat","Local body","Primary","391107"
"24190706606","BRILLIANT SCHOOL (ENGLISH MEDIUM)","VADODARA","MUVAL","Gujarat","Private Unaided (Recognized)","Primary","391430"
"24190700201","AAMLA PRIMARY SCHOOL","VADODARA","AAMLA","Gujarat","Local body","Primary with Upper Primary","391441"
"24191114701","VISHNU NAGAR PRI.SCH.","VADODARA","KARALI","Gujarat","Local body","Primary","391240"
"24190700502","AANTI KANYA PRIMARY SCHOOL","VADODARA","AANTI","Gujarat","Local body","Primary with Upper Primary","391445"
"24191109401","PATARVANI PRI.SCH.","VADODARA","PATARVANI","Gujarat","Local body","Primary","391220"
"24190708901","SARASVANI PRIMARY SCHOOL","VADODARA","SARASVANI","Gujarat","Local body","Primary with Upper Primary","391445"
"24191112301","SHAHPURA PRI.SCH.","VADODARA","SHAHPURA","Gujarat","Local body","Primary","391220"
"24190708902","SMT C.R. PATEL SARSWATI VIDHYALAYA","VADODARA","SARASVANI","Gujarat","Government Aided","Secondary with Higher Secondary","391445"
"24190210901","VASAI PRIMARY SCHOOL","VADODARA","VASAI","Gujarat","Local body","Primary with Upper Primary","391110"
"24190201101","BAHERAMPURA PRIMARY SCHOOL","VADODARA","BAHERAM PURA","Gujarat","Local body","Primary","391107"
"24190200101","AKOTADAR M.P N.V. 2 PRIMARY SCHOOL","VADODARA","AKOTADAR","Gujarat","Local body","Primary","391110"
"24190706607","ANJANI SCHOOL","VADODARA","MUVAL","Gujarat","Private Unaided (Recognized)","Secondary Only","391440"
"24190706605","ARPI SCIENCE SCHOOL","VADODARA","MUVAL","Gujarat","Private Unaided (Recognized)","Higher Secondary only/Jr. College","391430"
"24190706601","MUVAL PRIMARY SCHOOL","VADODARA","MUVAL","Gujarat","Local body","Primary with Upper Primary","391430"
"24190706604","SMT K.M.PATEL NAVSARJAN VIDHYALAY","VADODARA","MUVAL","Gujarat","Government Aided","Secondary with Higher Secondary","391430"
"24190706603","GYAN SARITA VIDHYALAYA","VADODARA","MUVAL","Gujarat","Private Unaided (Recognized)","Primary with Upper Primary","391430"
"24190706602","BRILIYANT SCHOOL","VADODARA","MUVAL","Gujarat","Private Unaided (Recognized)","Primary with Upper Primary","391430"
"24190201301","BANAIYA PRIMARY SCHOOL","VADODARA","BANAIYA","Gujarat","Local body","Primary","391107"
"24191111501","SAMASPURA PRI SCH","VADODARA","SAMAS PURA","Gujarat","Local body","Primary","391243"
"24190202634","SHREE ADRSH SEC & HIGH SEC. SCHOOL","VADODARA","DABHOI(NAGAR)","Gujarat","Private Unaided (Recognized)","Secondary with Higher Secondary","391110"
"24190202624","KHETIVADI UTPAN BAZAR S PRI SC","VADODARA","DABHOI(NAGAR)","Gujarat","Private Unaided (Recognized)","Primary with Upper Primary","391110"
"24190708307","SHREE BANDHUSAMAJ HIGHSCH","VADODARA","SADHI","Gujarat","Government Aided","Secondary with Higher Secondary","391445"
"24190708302","SADHI KANYA PRIMARY SCHOOL","VADODARA","SADHI","Gujarat","Local body","Primary","391445"
"24190708301","SADHI KUMAR PRIMARY SCHOOL","VADODARA","SADHI","Gujarat","Local body","Primary","391445"
"24190708306","JAVAHAR NAVODAY VIDHYALAY","VADODARA","SADHI","Gujarat","Jawahar Navodaya Vidyalaya","Upper Pri. Secondary and Higher Sec","391445"
"24191106501","KARALI PRI.SCH.","VADODARA","KARALI","Gujarat","Local body","Primary","391210"
"24190209311","N.V PANSOLI PRIMARY SCHOOL","VADODARA","SIMLIYA","Gujarat","Local body","Primary","391110"
"24190708303","SHREE BANDHUSAMAJ HIGHSCHOOL- PRATHMIK","VADODARA","SADHI","Gujarat","Government Aided","Upper Primary only","391445"
"24190708304","SHREE BANDHUSAMAJ HIGHSCH. NON GRANTED","VADODARA","SADHI","Gujarat","Private Unaided (Recognized)","Primary with Upper Primary","391445"
"24190700501","AANTI KUMAR PRIMARY SCHOOL","VADODARA","AANTI","Gujarat","Local body","Primary with Upper Primary","391445"
"24191114301","VARNAMA PRI. SCH.","VADODARA","VARNAMA","Gujarat","Local body","Primary","391240"
"24190709301","SHIHOR PRIMARY SCHOOL","VADODARA","SHIHOR","Gujarat","Local body","Primary","391440"
"24191114304","SHREE SEVA SAMAJ SHARDAMANDIR VARNAMA (9 TO 12)","VADODARA","VARNAMA","Gujarat","Government Aided","Secondary with Higher Secondary","391240"
"24190705401","LOLA PRIMARY SCHOOL","VADODARA","LOLA","Gujarat","Local body","Primary","391430"
"24191114303","SAV SAMAJ SARDAMANDIR SCH (6 TO 8)","VADODARA","VARNAMA","Gujarat","Government Aided","Upper Primary only","391240"
"24190207301","NAVAPURA PRIMARY SCHOOL","VADODARA","NAVAPURA","Gujarat","Local body","Primary","391107"
"24190211001","VASAIPURA PRIMARY SCHOOL","VADODARA","VASAIPURA","Gujarat","Local body","Primary","391110"
"24190701701","CHITRAL PRIMARY SCHOOL","VADODARA","CHITRAL","Gujarat","Local body","Primary","391440"
"24191301902","KAVI DAYARAM PRI SCHOOL (MORNING)","VADODARA","BABAJIPURA WARD - 19","Gujarat","Local body","Primary with Upper Primary","390015"
"24191109901","RAGHAVPURA PRI SCH","VADODARA","RAGAV PURA","Gujarat","Local body","Primary with Upper Primary","391310"
"24190209320","NARANPURA PRIMARY SCHOOL","VADODARA","SIMLIYA","Gujarat","Local body","Primary","391110"
"24191109701","RABHIPURA PRI.SCH.","VADODARA","RABHIPURA","Gujarat","Local body","Primary","392012"
"24190200401","ANGUTHANA PRIMARY SCHOOL","VADODARA","ANGUTHANA","Gujarat","Local body","Primary with Upper Primary","391110"
"24190208001","PRAYAGPURA PRIMARY SCHOOL","VADODARA","PRAYAGPURA","Gujarat","Local body","Primary with Upper Primary","391110"
"24190208002","GOVT SECONDARY SCHOOL PRAYAGPURA","VADODARA","PRAYAGPURA","Gujarat","Department of Education","Secondary Only","391110"
"24190205404","KUNDHELA SCHOOL","VADODARA","KUNDHELA","Gujarat","Local body","Primary with Upper Primary","391107"
"24190705601","MADAPUR PRIMARY SCHOOL","VADODARA","MADAPUR","Gujarat","Local body","Primary","391440"
"24190209301","SIMALIYA PRIMARY SCHOOL","VADODARA","SIMLIYA","Gujarat","Local body","Primary with Upper Primary","391110"
"24190209313","SUVALJA PRIMARY SCHOOL","VADODARA","SIMLIYA","Gujarat","Local body","Primary","391110"
"24190701702","SHREE SAGAR VIDHYALAYA","VADODARA","CHITRAL","Gujarat","Government Aided","Secondary with Higher Secondary","391430"
"24190710901","VADADALA PRIMARY SCHOOL","VADODARA","VADADALA","Gujarat","Local body","Primary","391440"
"24190203402","N V GOJALI PRIMARY SCHOOL","VADODARA","GOJALI","Gujarat","Local body","Primary","391107"
"24190209306","GOPALPURA PRIMARY SCHOOL","VADODARA","SIMLIYA","Gujarat","Local body","Primary","391110"
"24190209319","MOTIPURA PRIMARY SCHOOL","VADODARA","SIMLIYA","Gujarat","Local body","Primary","391110"
"24190701203","BHOJ STATION VARG PRI.SCH.","VADODARA","BHOJ","Gujarat","Local body","Primary","391440"
"24190711701","VISHRAM PURA PRIMARY SCHOOL","VADODARA","VISHRAM PURA","Gujarat","Local body","Primary with Upper Primary","391440"
"24190209305","N.V. SIMALIYA PRIMARY SCHOOL","VADODARA","SIMLIYA","Gujarat","Local body","Primary","391110"
"24190209318","GOVINDPURA PRIMARY SCHOOL","VADODARA","SIMLIYA","Gujarat","Local body","Primary","391110"
"24190711702","K.B.PATEL  HIGH SCHOOL","VADODARA","VISHRAM PURA","Gujarat","Private Unaided (Recognized)","Secondary with Higher Secondary","391440"
"24190201801","BHILAPUR PRIMARY SCHOOL","VADODARA","BHILAPUR","Gujarat","Local body","Primary with Upper Primary","391107"
"24190210601","VAYADPURA PRIMARY SCHOOL","VADODARA","VAYADPURA","Gujarat","Local body","Primary","391107"
"24191301323","LOKMANYA TILAK HINDI PRI SHALA (NOON)","VADODARA","WARD-7,FATEGANJ,NAVAYARD,NEWSAMA","Gujarat","Local body","Primary with Upper Primary","390012"
"24190212701","ABDALAPURA PRI. SCHOOL","VADODARA","ABDALAPURA","Gujarat","Local body","Primary","391107"
"24190704403","HARSHADPURA PRI. SCH.","VADODARA","MAJATAN","Gujarat","Local body","Primary","391450"
"24190701601","CHIRA KUI PRIMARY SCHOOL","VADODARA","KARNAKUVA","Gujarat","Local body","Primary","391440"
"24190203401","GOJALI PRIMARY SCHOOL","VADODARA","GOJALI","Gujarat","Local body","Primary","391107"
"24190708701","SANDHA PRIMARY SCHOOL","VADODARA","SANDHA","Gujarat","Local body","Primary with Upper Primary","391440"
"24191113201","SUNDARPURA PRI SCH","VADODARA","SUDAR PURA","Gujarat","Local body","Primary with Upper Primary","391243"
"24190702801","DUDHWADA PRIMARY SCHOOL","VADODARA","DUDHVADA","Gujarat","Local body","Primary with Upper Primary","391450"
"24190701201","BHOJ KUMAR PRIMARY SCHOOL","VADODARA","BHOJ","Gujarat","Local body","Primary with Upper Primary","391445"
"24190701202","BHOJ KANYA PRIMARY SCHOOL","VADODARA","BHOJ","Gujarat","Local body","Primary with Upper Primary","391445"
"24190703501","GORIYAD PRIMARY SCHOOL","VADODARA","GORIYAD","Gujarat","Local body","Primary with Upper Primary","391440"
"24190701204","SHREE R.B. PATEL VIDHYALAYA- BHOJ","VADODARA","BHOJ","Gujarat","Government Aided","Secondary Only","391445"
"24190708003","RANU STATION PRIMARY SCHOOL","VADODARA","RANU","Gujarat","Local body","Primary","391445"
"24190204601","KARALI PURA PRIMARY SCHOOL","VADODARA","KARALI PURA","Gujarat","Local body","Primary","391110"
"24191100701","AALAMGIR PRI.SCH.","VADODARA","RABHIPURA","Gujarat","Local body","Primary","391240"
"24190704501","KARNAKUVA PRIMARY SCHOOL","VADODARA","KARNAKUVA","Gujarat","Local body","Primary with Upper Primary","391440"
"24190201805","VANADARA PRIMARY SCHOOL","VADODARA","BHILAPUR","Gujarat","Local body","Primary with Upper Primary","391107"
"24190709001","SEJA KUVA PRIMARY SCHOOL","VADODARA","SEJA KUVA","Gujarat","Local body","Primary","391440"
"24191303809","CHANAKIY PRI SCHOOL (ENG)","VADODARA","SAYAJIGUNJ 10, CHHANIROAD","Gujarat","Local body","Primary","390016"
"24190701405","PRAMUKH SWAMI VIDHYA MANDIR","VADODARA","CHANSAD","Gujarat","Government Aided","Secondary Only","391440"
"24190709002","C.K AMIN ANU. PRIMARY SCHOOL","VADODARA","SEJA KUVA","Gujarat","Government Aided","Upper Primary only","391440"
"24190701205","PRAGTI VIDHYALAY BHOJ","VADODARA","BHOJ","Gujarat","Private Unaided (Recognized)","Primary","391445"
"24190207101","NARANPURA PRIMARY SCHOOL","VADODARA","NARANPURA","Gujarat","Local body","Primary","391110"
"24190707701","PIPLI PRIMARY SCHOOL","VADODARA","PIPLI","Gujarat","Local body","Primary with Upper Primary","391445"
"24190204103","N V  KADADHARAPURA  PRIMARY SCHOOL","VADODARA","KADADHARA","Gujarat","Local body","Primary","391107"
"24190700301","AANDHARIPURA PRIMARY SCHOOL","VADODARA","VADU","Gujarat","Local body","Primary","391460"
"24190709006","THE ELIGHT HIGH SCHOOL","VADODARA","SEJA KUVA","Gujarat","Government Aided","Secondary with Higher Secondary","391440"
"24190204101","KADADHARA PRIMARY SCHOOL","VADODARA","KADADHARA","Gujarat","Local body","Primary with Upper Primary","391107"
"24190705901","MAJATAN PRIMARY SCHOOL","VADODARA","MAJATAN","Gujarat","Local body","Primary with Upper Primary","391450"
"24190205407","SHREE MAHATMA GANDHI SARVA VIDYALAYA","VADODARA","KUNDHELA","Gujarat","Government Aided","Secondary Only","391107"
"24190210602","VAYADPURA N.V. PRI. SCHOOL","VADODARA","VAYADPURA","Gujarat","Local body","Primary","391107"
"24190711105","PARTH VIDHYALAYA","VADODARA","VADU","Gujarat","Private Unaided (Recognized)","Primary","391440"
"24191107001","KHALIPUR PRI.SCH.","VADODARA","KHALIPUR","Gujarat","Local body","Primary","391240"
"24190700701","ANANDPURA PRIMARY SCHOOL","VADODARA","VISHRAM PURA","Gujarat","Local body","Primary","391440"
"24190205402","KHODIYAR NAGAR PRIMARY SCHOOL","VADODARA","KUNDHELA","Gujarat","Local body","Primary","391107"
"24190204501","KARALI PRIMARY SCHOOL","VADODARA","KARALI","Gujarat","Local body","Primary","391110"
"24190701401","CHANSAD PRIMARY SCHOOL","VADODARA","CHANSAD","Gujarat","Local body","Primary with Upper Primary","391440"
"24190209315","LUNADARA PRIMARY SCHOOL","VADODARA","SIMLIYA","Gujarat","Local body","Primary","391125"
"24191104801","HANSJIPURA PRI.SCH.","VADODARA","HANSJIPURA","Gujarat","Local body","Primary","390014"
"24190704409","KARKHADI HIGH SCHOOL","VADODARA","KARKHADI","Gujarat","Government Aided","Secondary with Higher Secondary","391450"
"24190704413","KARAKHADI HIGHSCHOOL ( PRATHMIK VIBHAG)","VADODARA","KARKHADI","Gujarat","Government Aided","Upper Primary only","391450"
"24190704412","SHAYONA VIDHYALAYA","VADODARA","KARKHADI","Gujarat","Private Unaided (Recognized)","Primary with Upper Primary","391450"
"24190704408","KARKHADI KUMAR SCHOOL","VADODARA","KARKHADI","Gujarat","Local body","Primary","391450"
"24190706001","MALEKPURA PRIMARY SCHOOL","VADODARA","BHOJ","Gujarat","Local body","Primary","391445"
"24190704402","KARAKHADI KANYA PRI.SCH","VADODARA","KARKHADI","Gujarat","Local body","Primary","391450"
"24190206601","MOSAM PURA PRIMARY SCHOOL","VADODARA","MOSAM PURA","Gujarat","Local body","Primary","391107"
"24190704701","KHOKHAR PURA PRIMARY SCHOOL","VADODARA","MAJATAN","Gujarat","Local body","Primary with Upper Primary","391450"
"24190210701","VALIPURA PRIMARY SCHOOL","VADODARA","VALIPURA","Gujarat","Local body","Primary","391107"
"24190711106","PROFESSOR G P SHASTRI INTERNATIONAL ENGLISH MEDIUM SCHOOL","VADODARA","VADU","Gujarat","Private Unaided (Recognized)","Primary","391440"
"24190711107","S.D. PATEL VIDHYA VIHAR","VADODARA","VADU","Gujarat","Private Unaided (Recognized)","Upper Primary only",""
"24190709901","SUTHARI PURA PRIMARY SCHOOL","VADODARA","CHOKARI","Gujarat","Local body","Primary","391450"
"24190708004","SHREE SARVAJANIK HIGH SCHOOL","VADODARA","RANU","Gujarat","Government Aided","Secondary with Higher Secondary","391445"
"24190708001","RANU KUMAR PRIMARY SCHOOL","VADODARA","RANU","Gujarat","Local body","Primary with Upper Primary","391445"
"24190708002","RANU KANYA PRIMARY SCHOOL","VADODARA","RANU","Gujarat","Local body","Primary with Upper Primary","391445"
"24191103301","DHANIYAVI PRI.SCH.","VADODARA","DHANIYAVI","Gujarat","Local body","Primary with Upper Primary","390014"
"24190207501","PALAS VADA PRIMARY SCHOOL","VADODARA","PALAS VADA","Gujarat","Local body","Primary with Upper Primary","391107"
"24190206401","MOHAMMAD PURA PRIMARY SCHOOL","VADODARA","MOHAMMAD PURA","Gujarat","Local body","Primary","391107"
"24190709701","SOMJIPURA PRIMARY SCHOOL","VADODARA","SOMJIPURA","Gujarat","Local body","Primary with Upper Primary","391440"
"24190207503","RENITABEN CHARITABLE TRUST SANCHALIT SHRADDHA DIVYANG SANKUL","VADODARA","PALAS VADA","Gujarat","Private Unaided (Recognized)","Primary with Upper Primary","391107"
"24190203001","DHOLAR PRIMARY SCHOOL","VADODARA","DHOLAR","Gujarat","Local body","Primary with Upper Primary","391107"
"24190201701","BHAVPURA PRIMARY SCHOOL","VADODARA","BHAVPURA","Gujarat","Local body","Primary","391107"
"24190703101","GAM TALAV (TITHOR) PRI.SCH.","VADODARA","GAM TALAV","Gujarat","Local body","Primary with Upper Primary","391450"
"24190209317","N.V. BAMBOJ PRIMARY SCHOOL","VADODARA","SIMLIYA","Gujarat","Local body","Primary","391761"
"24191212401","TAMASIPUR N.V. PRI.SCH.","VADODARA","KARMALIYAPURA","Gujarat","Local body","Primary","391760"
"24190702503","ADITI  SCIENCE ENGLISH MEDIUM","VADODARA","GHAYAJ","Gujarat","Private Unaided (Recognized)","Secondary with Higher Secondary",""
"24190702502","ADITI  SCHOOL SCIENCE","VADODARA","GHAYAJ","Gujarat","Private Unaided (Recognized)","Secondary with Higher Secondary","391440"
"24191206202","KARMALIYAPURA N.V. PRI.SCH.","VADODARA","KARMALIYAPURA","Gujarat","Local body","Primary","391761"
"24190704410","TITHOR.PRI.SCHOOL","VADODARA","KARKHADI","Gujarat","Local body","Primary with Upper Primary","391450"
"24191300501","N.P. BABAJIPURA SCHOOL NO-21","VADODARA","JAMBUVA WARD-12","Gujarat","Local body","Primary with Upper Primary","390014"
"24190701501","RAMDEVPURA PRIMARY SCHOOL","VADODARA","CHOKARI","Gujarat","Local body","Primary","391450"
"24190205403","KUNDHELA STATION PRI.SCH.","VADODARA","KUNDHELA","Gujarat","Local body","Primary","391107"
"24190702902","FATEPURA CHOKARI PRIMARY SCHOOL","VADODARA","CHOKARI","Gujarat","Local body","Primary with Upper Primary","391450"
"24191201201","ANTOLI PRI.SCH.","VADODARA","ANTOLI","Gujarat","Local body","Primary","391761"
"24190711104","SARASVATI VIDHYALAY-  VADU","VADODARA","VADU","Gujarat","Private Unaided (Recognized)","Primary with Upper Primary","391440"
"24191108703","MUJAR GAMDI PRI SCH.","VADODARA","MARETHA","Gujarat","Local body","Primary","391240"
"24190701801","CHOKARI PRIMARY SCHOOL","VADODARA","CHOKARI","Gujarat","Local body","Primary with Upper Primary","391450"
"24190702501","GHAYAJ PRIMARY SCHOOL","VADODARA","GHAYAJ","Gujarat","Local body","Primary with Upper Primary","391440"
"24190707401","PATOD PRIMARY SCHOOL","VADODARA","PATOD","Gujarat","Local body","Primary with Upper Primary","391440"
"24190711103","M.N. VIDHYALAYA","VADODARA","VADU","Gujarat","Government Aided","Secondary with Higher Secondary","391460"
"24190711101","VADU KUMAR PRIMARY SCHOOL","VADODARA","VADU","Gujarat","Local body","Primary with Upper Primary","391460"
"24190711102","VADU KANYA PRIMARY SCHOOL","VADODARA","VADU","Gujarat","Local body","Primary with Upper Primary","391460"
"24191114801","VORA GAMDI PRI.SCH.","VADODARA","CHIKHODRA","Gujarat","Local body","Primary","390009"
"24190701802","VADILAPURA MISHRA GUJ. SCHOOL","VADODARA","DABKA","Gujarat","Local body","Primary with Upper Primary","391440"
"24190705301","LATIPURA PRIMARY SCHOOL","VADODARA","LATIPURA","Gujarat","Local body","Primary with Upper Primary","391440"
"24190706801","NARSINH PURA PRIMARY SCHOOL","VADODARA","NARSINH PURA","Gujarat","Local body","Primary with Upper Primary","391440"
"24190703701","HARANMAL PRIMARY SCHOOL","VADODARA","BHOJ","Gujarat","Local body","Primary with Upper Primary","391440"
"24190701806","GOVT SECONDARY SCHOOL","VADODARA","CHOKARI","Gujarat","Department of Education","Secondary Only","391440"
"24190705303","GOVERNMENT ENGLISH MEDIUM SCHOOL, LATIPURA","VADODARA","LATIPURA","Gujarat","Local body","Primary","391440"
"24191300618","IDEAL SCHOOL (GUJ)","VADODARA","MAKARPURA WARD 4","Gujarat","Private Unaided (Recognized)","Pri. with Upper Pri. Sec. and H.Sec.","390014"
"24191300403","IDEAL SCHOOL(ENG.)","VADODARA","WARD-4,PRTAPNGAR,DANTESWER,SRP,ITI","Gujarat","Private Unaided (Recognized)","Pri. with Upper Pri. Sec. and H.Sec.","390014"
"24190701805","GYANDEEP VIDHYALAY","VADODARA","CHOKARI","Gujarat","Private Unaided (Recognized)","Primary with Upper Primary","391450"
"24190209314","AMRESHWER PRIMARY SCHOOL","VADODARA","SIMLIYA","Gujarat","Local body","Primary with Upper Primary","391761"
"24191105101","HETAM PURA PRI.SCH.","VADODARA","HETAM PURA","Gujarat","Local body","Primary","390004"
"24191100201","AALHADPURA PRI.SCH.","VADODARA","AALHADPURA","Gujarat","Local body","Primary","391446"
"24191108201","MARETHA PRI.SCH.","VADODARA","MARETHA","Gujarat","Local body","Primary with Upper Primary","390013"
"24190710101","TALAV VAGA PRIMARY SCHOOL","VADODARA","VADU","Gujarat","Local body","Primary","391460"
"24190704601","KHANDERAV PURA PRIMARY SCHOOL","VADODARA","DABHASA","Gujarat","Local body","Primary with Upper Primary","391440"
"24190705302","SHREE SARVODAYA VIDHYALAY","VADODARA","LATIPURA","Gujarat","Government Aided","Secondary with Higher Secondary","391440"
"24191300611","ST. BASIL SCHOOL","VADODARA","MAKARPURA WARD 4","Gujarat","Private Unaided (Recognized)","Pri. with Upper Pri. Sec. and H.Sec.","390013"
"24191206201","KARMALIYAPURA PRI.SCH.","VADODARA","KARMALIYAPURA","Gujarat","Local body","Primary with Upper Primary","391760"
"24190702302","DARAPURA KANYA PRI.SCH.","VADODARA","DARAPURA","Gujarat","Local body","Primary with Upper Primary","391440"
"24190204202","KADADHARAPURA PRI.SCH.","VADODARA","KADADHARA PURA","Gujarat","Local body","Primary","391107"
"24190702305","SHREE SARDAR PATEL VIDHYALYA","VADODARA","DARAPURA","Gujarat","Government Aided","Secondary Only","391440"
"24190707901","RAM NAGAR PRIMARY SCHOOL","VADODARA","DABHASA","Gujarat","Local body","Primary","391440"
"24190201802","RASHALPUR PRIMARY SCHOOL","VADODARA","BHILAPUR","Gujarat","Local body","Primary","391007"
"24190707231","GYAN YAGNA VIDYAMANDIR","VADODARA","PADRA","Gujarat","Private Unaided (Recognized)","Primary with Upper Primary","391440"
"24190707301","PALKHIPURA PRIMARY SCHOOL","VADODARA","LATIPURA","Gujarat","Local body","Primary","391440"
"24190702301","DARAPURA KUMAR PRIMARY SCHOOL","VADODARA","DARAPURA","Gujarat","Local body","Primary with Upper Primary","391440"
"24190705001","KRUSHNA NAGAR PRIMARY SCHOOL","VADODARA","KRUSHAN NAGAR","Gujarat","Local body","Primary with Upper Primary","391450"
"24190702601","DHOBIKUVA PRIMARY SCHOOL","VADODARA","JASPUR","Gujarat","Local body","Primary with Upper Primary","391440"
"24190702602","DHOBIKUVA SIM VAGA PRI.SCH.","VADODARA","DHOBIKUVA","Gujarat","Local body","Primary","391440"
"24190711801","ZAVERIPURA PRIMARY SCHOOL","VADODARA","PATOD","Gujarat","Local body","Primary","391440"
"24190200302","PATEL B.R.SARVAJANIK VIDHYALAY","VADODARA","AAMRESHWAR","Gujarat","Government Aided","Secondary Only","391761"
"24190702701","DHORI VAGA(KENAL CHOKDI) SCH.","VADODARA","NARSINH PURA","Gujarat","Local body","Primary with Upper Primary","391440"
"24191205101","JAMBU VADA PRI.SCH.","VADODARA","JAMBUVADA","Gujarat","Local body","Primary","391760"
"24190710401","TIMBIPURA PRIMARY SCHOOL","VADODARA","DHOBIKUVA","Gujarat","Local body","Primary with Upper Primary","391440"
"24190201803","MAVLI PRIMARY SCHOOL","VADODARA","BHILAPUR","Gujarat","Local body","Primary","391107"
"24190707220","GITANJALI VIDHAYALAY","VADODARA","PADRA","Gujarat","Private Unaided (Recognized)","Pri. with Upper Pri. Sec. and H.Sec.","391440"
"24190707227","GITANJALI VIDHYALAY  ENGLISH","VADODARA","PADRA","Gujarat","Private Unaided (Recognized)","Pri. with Upper Pri. Sec. and H.Sec.","391440"
"24190707002","NAVAPURA (PA) PRIMARY SCHOOL","VADODARA","PAVDA","Gujarat","Local body","Primary","391450"
"24191103501","DIVALIPURA PRI.SCH.","VADODARA","DIVALIPURA","Gujarat","Local body","Primary with Upper Primary","391107"
"24191205801","KAGADI PURA PRI.SCH.","VADODARA","VYARA","Gujarat","Local body","Primary","391760"
"24190709401","SIM JOSHI PURA PRIMARY SCHOOL","VADODARA","SIM JOSHI PURA","Gujarat","Local body","Primary with Upper Primary","391440"
"24190205901","MALHAR PURA PRIMARY SCHOOL","VADODARA","MALHAR PURA","Gujarat","Local body","Primary","391107"
"24191304024","NEW SUN FLAVOUR SCHOOL","VADODARA","EL WARD 8 FATEPURA -1","Gujarat","Private Unaided (Recognized)","Primary with Upper Primary","390011"
"24191300617","SHNATI VIDHYALAY","VADODARA","MAKARPURA WARD 4","Gujarat","Private Unaided (Recognized)","Primary with Upper Primary","390017"
"24191102103","SANT KABIR INDIAN INTERNATIONAL SCHOOL","VADODARA","CHAPAD","Gujarat","Private Unaided (Recognized)","Pri. Upper Pri. and Secondary Only","391410"
"24190707209","D.D.PATEL SARDA ENGLISH GRANTED SCHOOL","VADODARA","PADRA","Gujarat","Government Aided","Secondary with Higher Secondary","391440"
"24191107301","KISHAN NAGAR PRI.SCH.","VADODARA","HETAM PURA","Gujarat","Local body","Primary","390004"
"24190707232","D.D.PATEL SARDA ENGLISH SCHOOL (PRATHMIK VIBHAG)","VADODARA","PADRA","Gujarat","Government Aided","Upper Primary only","391440"
"24190705803","SHREE SHEETAL SANSKAR SCHOOL- MAHUVAD","VADODARA","MAHUVAD","Gujarat","Private Unaided (Recognized)","Primary with Upper Primary","391440"
"24191102501","CHIKHODRA PRI.SCH.","VADODARA","CHIKHODRA","Gujarat","Local body","Primary","390009"
"24191300217","MAA SHARADA VIDYALAYA (ENG)","VADODARA","SHUBHANPURA-10,GORWA,VADIVADI","Gujarat","Private Unaided (Recognized)","Primary with Upper Primary","390016"
"24190707219","ANKUR VIDHAYALAY","VADODARA","PADRA","Gujarat","Private Unaided (Recognized)","Pri. Upper Pri. and Secondary Only","391440"
"24191300405","N.P. BABAJIPURA SCHOOL NO-18","VADODARA","WARD-4,PRTAPNGAR,DANTESWER,SRP,ITI","Gujarat","Local body","Primary with Upper Primary","390014"
"24191300426","MAA GAYATRI HINDI PRI SCH.","VADODARA","WARD-4,PRTAPNGAR,DANTESWER,SRP,ITI","Gujarat","Local body","Primary with Upper Primary","390013"
"24190205406","SEGUWADA PRIMARY SCHOOL","VADODARA","KUNDHELA","Gujarat","Local body","Primary with Upper Primary","391107"
"24190707205","JESIS JANKI VALLABH PRI.SCH.","VADODARA","PADRA","Gujarat","Local body","Primary with Upper Primary","391440"
"24190709601","SOKHADA KHURD PRIMARY SCHOOL","VADODARA","SOKHDA KHURD","Gujarat","Local body","Primary with Upper Primary","391440"
"24191102101","CHAPAD PRI.SCH.","VADODARA","CHAPAD","Gujarat","Local body","Primary with Upper Primary","391410"
"24190707222","MOTHER SCHOOL PADARA ENGLISH","VADODARA","PADRA","Gujarat","Private Unaided (Recognized)","Primary with Upper Primary","391440"
"24190707208","SHRI SHANTILAL PRAGJIBHAI SHROF SHALA(SHALA NO-1)","VADODARA","PADRA","Gujarat","Local body","Primary with Upper Primary","391440"
"24191101501","BHALIYA PURA PRI.SCH.","VADODARA","CHIKHODRA","Gujarat","Local body","Primary","390007"
"24191306602","VRUNDAVAN BALMANDIR PRI SCHOOL (GUJ)","VADODARA","WARD NO 4 BABAJIPURA 20","Gujarat","Private Unaided (Recognized)","Primary with Upper Primary","390014"
"24190707214","PADARA HIGHSCHOOL, PRATHMIK VIBHAG","VADODARA","PADRA","Gujarat","Government Aided","Upper Primary only","391440"
"24190707229","P.P.SHROFF HIGHSCHOOL (MADHYAMIK VIBHAG)","VADODARA","PADRA","Gujarat","Government Aided","Secondary with Higher Secondary","391440"
"24190707230","LEARNING TREE -THE SMART SCHOOL","VADODARA","PADRA","Gujarat","Private Unaided (Recognized)","Primary","391440"
"24190707207","PATEL BHAIJI BHAGWANDAS PRI. S","VADODARA","PADRA","Gujarat","Local body","Primary with Upper Primary","391440"
"24190700401","ATHAMANAPURA PRIMARY SCHOOL","VADODARA","MUJPUR","Gujarat","Local body","Primary with Upper Primary","391440"
"24191212302","SURTALAV N.V. PRI.SCH.","VADODARA","JAMBUVADA","Gujarat","Local body","Primary with Upper Primary","391760"
"24191306410","KENDRIYA VIDYALAYA NO-3","VADODARA","WARD NO 24 BABAJIPURA 20","Gujarat","Kendriya Vidyalaya","Pri. with Upper Pri. Sec. and H.Sec.","390014"
"24190707224","M.B.THAKKAR PRI KUMAR SHALA NO.3","VADODARA","PADRA","Gujarat","Local body","Primary with Upper Primary","391440"
"24191306601","NETAJI MODEL SCHOOL","VADODARA","WARD NO 4 BABAJIPURA 20","Gujarat","Private Unaided (Recognized)","Primary with Upper Primary","390013"
"24190707215","SHREE  K.K. CHOKXI GIRLS HIGHSCHOOL","VADODARA","PADRA","Gujarat","Government Aided","Secondary with Higher Secondary","391440"
"24190707233","SHREE K.K. CHOKXI GIRLSSCHOOL (PRATHMIK VIBHAG)","VADODARA","PADRA","Gujarat","Government Aided","Upper Primary only","391440"
"24190707221","SHARADA ENGLISH SCHOOL","VADODARA","PADRA","Gujarat","Private Unaided (Recognized)","Primary with Upper Primary","391440"
"24190707203","PADRA KANYA - 1 PRIMARY SCHOOL","VADODARA","PADRA","Gujarat","Local body","Primary with Upper Primary","391440"
"24190707204","PADRA KANYA - 2 PRIMARY SCHOOL","VADODARA","PADRA","Gujarat","Local body","Primary with Upper Primary","391440"
"24190707501","PAVDA PRIMARY SCHOOL","VADODARA","PAVDA","Gujarat","Local body","Primary","391440"
"24190710701","TRIKAMPURA PRIMARY SCHOOL","VADODARA","PADRA","Gujarat","Local body","Primary","391440"
"24190712001","MAHALI TALAVADI PRI.SCHOOL","VADODARA","PADRA","Gujarat","Local body","Primary","391440"
"24190701901","DABHASA KUMAR PRIMARY SCHOOL","VADODARA","DABHASA","Gujarat","Local body","Primary with Upper Primary","391440"
"24190707223","MOTHER SCHOOL PADARA ( GUJRATI )","VADODARA","PADRA","Gujarat","Private Unaided (Recognized)","Pri. with Upper Pri. Sec. and H.Sec.","391440"
"24191300404","N.P. BABAJIPURA SCHOOL NO-20","VADODARA","WARD-4,PRTAPNGAR,DANTESWER,SRP,ITI","Gujarat","Local body","Primary with Upper Primary","390014"
"24191300601","N.P. BABAJIPURA SCHOOL NO-27","VADODARA","MAKARPURA WARD 4","Gujarat","Local body","Primary with Upper Primary","390014"
"24191106901","KELANPUR PRI.SCH.","VADODARA","KELANPUR","Gujarat","Local body","Primary with Upper Primary","390004"
"24190705802","SARVODAY UTTAR BUNIYADI VIDHYALAYA","VADODARA","MAHUVAD","Gujarat","Government Aided","Secondary with Higher Secondary","391440"
"24190707225","LITTLE FLOWER SCHOOL (GUJRATI)","VADODARA","PADRA","Gujarat","Private Unaided (Recognized)","Primary with Upper Primary","391440"
"24190707226","LITTLE FLOWER SCHOOL ( ENGLISH)","VADODARA","PADRA","Gujarat","Private Unaided (Recognized)","Primary","391440"
"24191113501","TALSAT PRI.SCH.","VADODARA","TALSAT","Gujarat","Local body","Primary with Upper Primary","390012"
"24191104301","GAUKHANA PRI.SCH.","VADODARA","CHAPAD","Gujarat","Local body","Primary","391410"
"24190210802","BHAYAPURA PRIMARY SCHOOL","VADODARA","VANADRA","Gujarat","Local body","Primary","391107"
"24191300608","LAL BAHADUR SHASHTRI VIDHYALAY","VADODARA","MAKARPURA WARD 4","Gujarat","Private Unaided (Recognized)","Primary with Upper Primary","390014"
"24191300628","LAL BAHADUR SHASHTRI VIDHYALAY","VADODARA","MAKARPURA WARD 4","Gujarat","Government Aided","Secondary with Higher Secondary","390014"
"24191306603","VRUNDAVAN BALMANDIR PRI SCHOOL (HINDI)","VADODARA","WARD NO 4 BABAJIPURA 20","Gujarat","Private Unaided (Recognized)","Primary with Upper Primary","390014"
"24190701903","DABHASA ENGLISH SCHOOL","VADODARA","DABHASA","Gujarat","Government Aided","Secondary with Higher Secondary","391440"
"24190707213","ZEN SCHOOL PADRA ( GUJRATI)","VADODARA","PADRA","Gujarat","Private Unaided (Recognized)","Pri. with Upper Pri. Sec. and H.Sec.","391440"
"24190707212","ZEN SCHOOL PADRA ( ENGLISH)","VADODARA","PADRA","Gujarat","Private Unaided (Recognized)","Pri. with Upper Pri. Sec. and H.Sec.","391440"
"24191106902","JIVAN SANSKAR VIDHYAMANDIR","VADODARA","KELANPUR","Gujarat","Private Unaided (Recognized)","Pri. with Upper Pri. Sec. and H.Sec.","390004"
"24191109002","NAVAPURA  PRI.SCH. KELANPUR","VADODARA","KELANPUR","Gujarat","Local body","Primary","390004"
"24190705801","MAHUVAD PRIMARY SCHOOL","VADODARA","MAHUVAD","Gujarat","Local body","Primary with Upper Primary","391440"
"24191109001","NAVAPURA PRI.SCH. ANGADH","VADODARA","ANAGADH","Gujarat","Local body","Primary with Upper Primary","391330"
"24190702003","DABKA HIGHSCHOOL","VADODARA","DABKA","Gujarat","Government Aided","Secondary with Higher Secondary","391440"
"24190702004","DABKA HIGHSCHOOL (PRATHMIK VIBHAG)","VADODARA","DABKA","Gujarat","Government Aided","Primary with Upper Primary","391440"
"24190701902","DABHASA KANYA PRIMARY SCHOOL","VADODARA","DABHASA","Gujarat","Local body","Primary with Upper Primary","391440"
"24190702001","DABKA PRIMARY SCHOOL","VADODARA","DABKA","Gujarat","Local body","Primary with Upper Primary","391440"
"24191300638","SHRI P. M. YADAV VIDYALAYA (HINDI)","VADODARA","MAKARPURA WARD 4","Gujarat","Private Unaided (Recognized)","Primary with Upper Primary","390015"
"24191300707","N.P. BABAJIPURA SCHOOL NO-33","VADODARA","GIDC,WARD-12,SINDHWAI MATA ROAD","Gujarat","Local body","Primary with Upper Primary","390010"
"24191306403","RISING PRIMMARY SCHOOL ENG","VADODARA","WARD NO 24 BABAJIPURA 20","Gujarat","Private Unaided (Recognized)","Primary with Upper Primary","390009"
"24190707228","MADANI PRIMARY SCHOOL","VADODARA","PADRA","Gujarat","Private Unaided (Recognized)","Primary","391440"
"24191300621","N.P. KELVANIKAR GIJUBHAI BADHEKA","VADODARA","MAKARPURA WARD 4","Gujarat","Local body","Primary with Upper Primary","390010"
"24191306402","NEW ROSEMERY ENGLISH MEDIUM SCHOOL","VADODARA","WARD NO 24 BABAJIPURA 20","Gujarat","Private Unaided (Recognized)","Primary with Upper Primary","390010"
"24191300619","SHRI P. M. YADAV VIDYALAYA","VADODARA","MAKARPURA WARD 4","Gujarat","Private Unaided (Recognized)","Primary with Upper Primary","390010"
"24191300632","SHRI P. M. YADAV VIDYALAYA","VADODARA","MAKARPURA WARD 4","Gujarat","Government Aided","Secondary with Higher Secondary","390010"
"24191300401","SHRI SHARDA MEMORIAL HIGH SCHOOL","VADODARA","WARD-4,PRTAPNGAR,DANTESWER,SRP,ITI","Gujarat","Private Unaided (Recognized)","Pri. with Upper Pri. Sec. and H.Sec.","390010"
"24191300402","YANSHY HIGH SCHOOL","VADODARA","WARD-4,PRTAPNGAR,DANTESWER,SRP,ITI","Gujarat","Private Unaided (Recognized)","Pri. with Upper Pri. Sec. and H.Sec.","390010"
"24191209002","NURPURI N.V. PRI.SCH.","VADODARA","NURPURI","Gujarat","Local body","Primary","391761"
"24190703601","HAINAPURA PRIMARY SCHOOL","VADODARA","HAINAPURA","Gujarat","Local body","Primary","391440"
"24191300633","SPECTRUM THE CONTEMPORARY SCHOOL","VADODARA","MAKARPURA WARD 4","Gujarat","Private Unaided (Recognized)","Primary with Upper Primary","390009"
"24190702401","DARIYAPURA PRIMARY SCHOOL","VADODARA","MUJPUR","Gujarat","Local body","Primary","391550"
"24190708101","RELAI PURA PRIMARY SCHOOL","VADODARA","MUJPUR","Gujarat","Local body","Primary with Upper Primary","391440"
"24191114001","VADADALA PRI.SCH.","VADODARA","VADADALA","Gujarat","Local body","Primary with Upper Primary","390009"
"24190702005","GOVERNMENT HIGHER SECONDARY SCHOOL(SCIENCE STREEM)DABKA","VADODARA","DABKA","Gujarat","Department of Education","Higher Secondary only/Jr. College",""
"24191306406","UMA VIDYALAYA (ENG)","VADODARA","WARD NO 24 BABAJIPURA 20","Gujarat","Private Unaided (Recognized)","Pri. with Upper Pri. Sec. and H.Sec.","390009"
"24191105001","HARI NAGAR PRI.SCH.","VADODARA","VADADALA","Gujarat","Local body","Primary","390009"
"24191306405","UMA VIDYALAYA (GUJ)","VADODARA","WARD NO 24 BABAJIPURA 20","Gujarat","Private Unaided (Recognized)","Pri. with Upper Pri. Sec. and H.Sec.","390009"
"24190707001","NAVAPURA (MAHUVAD) PRI.SCH","VADODARA","MAHUVAD","Gujarat","Local body","Primary with Upper Primary","391440"
"24191301004","SHREE SWAMINARAYAN GURUKUL","VADODARA","GIDC-12,TARSALI","Gujarat","Government Aided","Secondary with Higher Secondary","390009"
"24191301006","KIRAN SHETHI HIGHER SECONDARY SCHOOL","VADODARA","GIDC-12,TARSALI","Gujarat","Private Unaided (Recognized)","Pri. with Upper Pri. Sec. and H.Sec.","390009"
"24191301008","KIRAN SHETHI PRIMARY SCHOOL (ENG)","VADODARA","GIDC-12,TARSALI","Gujarat","Private Unaided (Recognized)","Primary","390009"
"24191113602","TARASALI - 2 PRI.SCH.","VADODARA","TARASALI","Gujarat","Local body","Primary with Upper Primary","390009"
"24191212503","TARSVA N.V. - 2 PRI.SCH.","VADODARA","TARSVA","Gujarat","Local body","Primary","391760"
"24191107901","LAXMI PURA PRI.SCH.","VADODARA","LAXMI PURA","Gujarat","Local body","Primary with Upper Primary","391400"
"24190700801","BANDHYAPUL PRIMARY SCHOOL","VADODARA","MUJPUR","Gujarat","Local body","Primary","391440"
"24191212502","TARSVA N.V. - 1 PRI.SCH.","VADODARA","TARSVA","Gujarat","Local body","Primary","391761"
"24191300629","NEW ERA HIGH SCHOOL","VADODARA","MAKARPURA WARD 4","Gujarat","Government Aided","Secondary with Higher Secondary","390010"
"24191300609","NEW ERA HIGH SCHOOL","VADODARA","MAKARPURA WARD 4","Gujarat","Private Unaided (Recognized)","Primary with Upper Primary","390010"
"24190706503","MUJPUR GROUP PRIMARY SCHOOL","VADODARA","MUJPUR","Gujarat","Local body","Primary with Upper Primary","391440"
"24190706502","MUJPUR KANYA PRIMARY SCHOOL","VADODARA","MUJPUR","Gujarat","Local body","Primary","391440"
"24191113601","TARASALI - 1 PRI.SCH.","VADODARA","TARASALI","Gujarat","Local body","Primary with Upper Primary","390009"
"24191300635","SHANTI NIKETAN VIDHYALAYA","VADODARA","MAKARPURA WARD 4","Gujarat","Private Unaided (Recognized)","Secondary with Higher Secondary","390011"
"24191202701","DANDIYA PURA PRI.SCH.","VADODARA","JAMBUVADA","Gujarat","Local body","Primary","391761"
"24190706401","MOTA AEKAL BARA PRIMARY SCHOOL","VADODARA","MOTA EKAL BARA","Gujarat","Local body","Primary","391440"
"24190711201","VALIPURA PRIMARY SCHOOL","VADODARA","VALIPURA","Gujarat","Local body","Primary","391440"
"24191113603","AKSHAR PUBLIC SCHOOL ENGLISH","VADODARA","TARASALI","Gujarat","Private Unaided (Recognized)","Pri. Upper Pri. and Secondary Only","390009"
"24191113401","SULTANPURA PRI.SCH.","VADODARA","KELANPUR","Gujarat","Local body","Primary","390004"
"24191300626","THE NEW ERA PRI SCH GUJ","VADODARA","MAKARPURA WARD 4","Gujarat","Private Unaided (Recognized)","Pri. Upper Pri. and Secondary Only","390010"
"24191300634","THE NEW ERA PUBLIC SCHOOL ENG","VADODARA","MAKARPURA WARD 4","Gujarat","Private Unaided (Recognized)","Primary with Upper Primary","390011"
"24190205601","KUNVAR VADA PRIMARY SCHOOL","VADODARA","KUNVAR VADA","Gujarat","Local body","Primary","391760"
"24191306705","NEW ERA GIRL'S HIGH SCHOOL","VADODARA","WARD NO 3 RAVPURA 1","Gujarat","Government Aided","Secondary with Higher Secondary","390001"
"24191203101","FLOD PRI.SCH.","VADODARA","FLOD","Gujarat","Local body","Primary with Upper Primary","391760"
"24190708801","SANGMA PRIMARY SCHOOL","VADODARA","SANGMA","Gujarat","Local body","Primary with Upper Primary","391440"
"24190210803","SHREE VINAY MANDIR","VADODARA","VANADRA","Gujarat","Government Aided","Secondary with Higher Secondary","391107"
"24190711501","VENIYAPURA PRIMARY SCHOOL","VADODARA","PADRA","Gujarat","Local body","Primary","391440"
"24191212501","TARSVA PRI.SCH.","VADODARA","TARSVA","Gujarat","Local body","Primary","391760"
"24191101901","BIL PRI.SCH.","VADODARA","BIL","Gujarat","Local body","Primary with Upper Primary","391410"
"24191300504","AKSHAR PUBLIC SCHOOL","VADODARA","JAMBUVA WARD-12","Gujarat","Private Unaided (Recognized)","Primary with Upper Primary","390024"
"24191113604","AKSHAR PUBLIC SCHOOL GUJARATI","VADODARA","TARASALI","Gujarat","Private Unaided (Recognized)","Pri. with Upper Pri. Sec. and H.Sec.","390009"
"24190702002","SULTANPURA PRIMARY SCHOOL","VADODARA","DABKA","Gujarat","Local body","Primary","391440"
"24191110701","RATANPURA PRI.SCH.","VADODARA","RATANPURA","Gujarat","Local body","Primary with Upper Primary","390004"
"24190710001","TAJPURA PRIMARY SCHOOL","VADODARA","TAJPURA","Gujarat","Local body","Primary with Upper Primary","391440"
"24191300710","N.P. BABAJIPURA SCHOOL NO-19","VADODARA","GIDC,WARD-12,SINDHWAI MATA ROAD","Gujarat","Local body","Primary with Upper Primary","390010"
"24191300810","JIVAN SANSKAR VIDYALAYA","VADODARA","BABAJIPURA WARD 5 E","Gujarat","Government Aided","Secondary Only","390009"
"24191300803","JIVAN SANSKAR VIDYALAYA","VADODARA","BABAJIPURA WARD 5 E","Gujarat","Private Unaided (Recognized)","Primary with Upper Primary","390009"
"24191300811","JIVAN SANSKAR VIDYALAYA","VADODARA","BABAJIPURA WARD 5 E","Gujarat","Private Unaided (Recognized)","Higher Secondary only/Jr. College","390009"
"24191301003","SAINT MARY'S ENGLISH SCHOOL","VADODARA","GIDC-12,TARSALI","Gujarat","Private Unaided (Recognized)","Primary with Upper Primary","390010"
"24191306404","SHREE VIDHYAKUNJ VIDHYALAY","VADODARA","WARD NO 24 BABAJIPURA 20","Gujarat","Private Unaided (Recognized)","Pri. Upper Pri. and Secondary Only","390009"
"24191214002","VYARA PRIMARY GROUP SCHOOL","VADODARA","VYARA","Gujarat","Local body","Primary with Upper Primary","391760"
"24191300713","N.P. VADI SCHOOL NO-25","VADODARA","GIDC,WARD-12,SINDHWAI MATA ROAD","Gujarat","Local body","Primary with Upper Primary","390009"
"24191303519","ST. MARY'S SCHOOL (ENG)","VADODARA","SUBHANPURA-10, LAXMIPURA, ALEMBIC","Gujarat","Private Unaided (Recognized)","Pri. with Upper Pri. Sec. and H.Sec.","390016"
"24191301117","SANT JOHN SCHOOL (GUJ)","VADODARA","EL WARD 3 FATEPURA- 1","Gujarat","Private Unaided (Recognized)","Pri. Upper Pri. and Secondary Only","390009"
"24191301116","ST JOHN'S  SCHOOL (ENG)","VADODARA","EL WARD 3 FATEPURA- 1","Gujarat","Private Unaided (Recognized)","Primary with Upper Primary","390009"
"24191300909","SHIVAM VIDHYALAY","VADODARA","GIDC-12,MAKARPURA","Gujarat","Private Unaided (Recognized)","Secondary with Higher Secondary","390010"
"24190710601","TOCHIYA PURA PRIMARY SCHOOL","VADODARA","PADRA","Gujarat","Local body","Primary","391440"
"24191300723","CHANDRA SHEKHAR AZAD PRI SCHOOL (ENG)","VADODARA","GIDC,WARD-12,SINDHWAI MATA ROAD","Gujarat","Local body","Primary","390015"
"24191111601","SAMIYALA PRI.SCH.","VADODARA","SAMIYALA","Gujarat","Local body","Primary with Upper Primary","391410"
"24191306407","GAYATRI VIDHYALAY","VADODARA","WARD NO 24 BABAJIPURA 20","Gujarat","Private Unaided (Recognized)","Pri. Upper Pri. and Secondary Only","390009"
"24191210401","RAMESHWARPURA N.V. PRI.SCH.","VADODARA","VYARA","Gujarat","Local body","Primary","391760"
"24191207901","MASTUPURA PRI.SCH.","VADODARA","MASTU PURA","Gujarat","Local body","Primary","391760"
"24191300636","PHOENIX SCHOOL","VADODARA","MAKARPURA WARD 4","Gujarat","Private Unaided (Recognized)","Secondary with Higher Secondary","390010"
"24191110702","BHARATNAGAR PRI SCH","VADODARA","RATANPURA","Gujarat","Local body","Primary","390004"
"24191113701","TATARPURA PRI SCH","VADODARA","TATAR PURA","Gujarat","Local body","Primary with Upper Primary","390004"
"24191209001","NURPURI PRI.SCH.","VADODARA","NURPURI","Gujarat","Local body","Primary","391761"
"24191304338","SHARDAMANDIR (ENG)","VADODARA","RAOPURA -8, NAGARVADA, KOTHI","Gujarat","Private Unaided (Recognized)","Primary with Upper Primary","390003"
"24190705501","LUNA PRIMARY SCHOOL","VADODARA","LUNA","Gujarat","Local body","Primary with Upper Primary","391440"
"24191300907","BILLABONG HIGH INTERNATIONAL SCHOOL","VADODARA","GIDC-12,MAKARPURA","Gujarat","Private Unaided (Recognized)","Pri. with Upper Pri. Sec. and H.Sec.","390010"
"24191300311","AMBE SCHOOL (GUJ)","VADODARA","BELBAG-7,PRTAPGNJ,FATEGNJ,NIZAMPURA","Gujarat","Private Unaided (Recognized)","Pri. Upper Pri. and Secondary Only","390010"
"24191300312","AMBE SCHOOL (ENG)","VADODARA","BELBAG-7,PRTAPGNJ,FATEGNJ,NIZAMPURA","Gujarat","Private Unaided (Recognized)","Pri. with Upper Pri. Sec. and H.Sec.","390011"
"24191300716","N.P. VADI SCHOOL NO-40","VADODARA","GIDC,WARD-12,SINDHWAI MATA ROAD","Gujarat","Local body","Primary with Upper Primary","390009"
"24191206701","KHERVADI PRI.SCH.","VADODARA","KHERVADI","Gujarat","Local body","Primary","391761"
"24191206702","KHERVADI N.V. - 1 PRI.SCH.","VADODARA","KHERVADI","Gujarat","Local body","Primary","391761"
"24191306408","GURU NANAK PUBLIC SCHOOL (ENG)","VADODARA","WARD NO 24 BABAJIPURA 20","Gujarat","Private Unaided (Recognized)","Primary with Upper Primary","390009"
"24190706701","NANA AEKAL BARA PRIMARY SCHOOL","VADODARA","NANA EKAL BARA","Gujarat","Local body","Primary with Upper Primary","391440"
"24190706703","GOVT. SECONDARY SCHOOL","VADODARA","NANA EKAL BARA","Gujarat","Department of Education","Secondary with Higher Secondary","391440"
"24191300359","AMBE SCHOOL (CBSE)","VADODARA","BELBAG-7,PRTAPGNJ,FATEGNJ,NIZAMPURA","Gujarat","Private Unaided (Recognized)","Pri. with Upper Pri. Sec. and H.Sec.","390011"
"24191300910","St. THOMAS SCHOOL","VADODARA","GIDC-12,MAKARPURA","Gujarat","Private Unaided (Recognized)","Primary with Upper Primary","390010"
"24191106001","KALALI PRI.SCH.","VADODARA","KALALI","Gujarat","Local body","Primary with Upper Primary","390012"
"24191105501","JOBAN TOKRI PRI.SCH.","VADODARA","SHANKAR PURA","Gujarat","Local body","Primary","390004"
"24191300213","OM SCHOOL (ENG)","VADODARA","SHUBHANPURA-10,GORWA,VADIVADI","Gujarat","Private Unaided (Recognized)","Pri. Upper Pri. and Secondary Only","390010"
"24191210402","RAMESHWAR PURA PRI.SCH.","VADODARA","VYARA","Gujarat","Local body","Primary","361760"
"24191301118","ARPAN  VIDHYALAY","VADODARA","EL WARD 3 FATEPURA- 1","Gujarat","Private Unaided (Recognized)","Primary with Upper Primary","390010"
"24191210901","ROPA PRI.SCH.","VADODARA","ROPA","Gujarat","Local body","Primary","391760"
"24191300613","AUXILIUM CONVENT ENG  SCH","VADODARA","MAKARPURA WARD 4","Gujarat","Private Unaided (Recognized)","Primary with Upper Primary","390010"
"24191300631","AUXILIUM CONVENT ENG  SCH","VADODARA","MAKARPURA WARD 4","Gujarat","Government Aided","Secondary with Higher Secondary","390010"
"24191300612","AUXILIUM CONVENT GUJ ME SCH","VADODARA","MAKARPURA WARD 4","Gujarat","Private Unaided (Recognized)","Pri. with Upper Pri. Sec. and H.Sec.","390010"
"24191207601","MADHELI PRI SCH","VADODARA","MADHELI","Gujarat","Local body","Primary with Upper Primary","391760"
"24191102102","SHREE RANCHHOD VIDHYALAYA","VADODARA","CHAPAD","Gujarat","Private Unaided (Recognized)","Pri. Upper Pri. and Secondary Only","391410"
"24190703201","GANPAT PURA PRIMARY SCHOOL","VADODARA","GANPAT PURA","Gujarat","Local body","Primary with Upper Primary","391440"
"24191300610","DON BOSCO HIGH SCHOOL","VADODARA","MAKARPURA WARD 4","Gujarat","Private Unaided (Recognized)","Primary with Upper Primary","390009"
"24191300630","DON BOSCO HIGH SCHOOL","VADODARA","MAKARPURA WARD 4","Gujarat","Government Aided","Secondary with Higher Secondary","390011"
"24191101902","SHREE S.S.PATEL SARASWATI VIDHYAMANDIR","VADODARA","BIL","Gujarat","Government Aided","Secondary Only","391410"
"24191101903","VIBGYOR HIGH","VADODARA","BIL","Gujarat","Private Unaided (Recognized)","Pri. with Upper Pri. Sec. and H.Sec.","391410"
"24191305118","DELHI PUBLIC SCHOOL","VADODARA","WARD-6, BABAJIPURA-17","Gujarat","Private Unaided (Recognized)","Pri. with Upper Pri. Sec. and H.Sec.","390012"
"24190710801","UMRAYA PRIMARY SCHOOL","VADODARA","UMRAYA","Gujarat","Local body","Primary with Upper Primary","391440"
"24191306409","GURU NANAK PUBLIC SCHOOL (GUJ)","VADODARA","WARD NO 24 BABAJIPURA 20","Gujarat","Private Unaided (Recognized)","Primary with Upper Primary","390009"
"24191300625","BHARTIYA VIDYA BHAVAN'S V M PUBLIC SCHOOL","VADODARA","MAKARPURA WARD 4","Gujarat","Private Unaided (Recognized)","Pri. with Upper Pri. Sec. and H.Sec.","390009"
"24191205701","KACHHOTA PRI.SCH.","VADODARA","KACHHOTA","Gujarat","Local body","Primary","391761"
"24191300807","SHRI TRIVENI SANGAM HINDI VIDYALAYA","VADODARA","BABAJIPURA WARD 5 E","Gujarat","Private Unaided (Recognized)","Primary with Upper Primary","390011"
"24191101703","BHAYALI STATION PRI.SCH.","VADODARA","SAMIYALA","Gujarat","Local body","Primary with Upper Primary","391410"
"24191209102","PADARIYA PURA N.V. PRI.SCH.","VADODARA","VYARA","Gujarat","Local body","Primary","391760"
"24191300503","SARAY ENGLISH SCHOOL","VADODARA","JAMBUVA WARD-12","Gujarat","Private Unaided (Recognized)","Primary with Upper Primary","390009"
"24191206703","KHERVADI N.V. - 2 PRI.SCH.","VADODARA","KHERVADI","Gujarat","Local body","Primary","391760"
"24191300602","BARODA HIGH SCHOOL (ENG.)","VADODARA","MAKARPURA WARD 4","Gujarat","Private Unaided (Recognized)","Pri. Upper Pri. and Secondary Only","390004"
"24191106301","KAPURAI PRI.SCH.","VADODARA","KAPURAI","Gujarat","Local body","Primary with Upper Primary","390004"
"24191214201","VEJALPUR PRI. SCH.","VADODARA","VEJALPUR","Gujarat","Local body","Primary with Upper Primary","391760"
"24191104101","GANGRETIYA  PRI.SCH.","VADODARA","GANGRETIYA","Gujarat","Local body","Primary with Upper Primary","390025"
"24191305113","BAPS SAWAMINARAYAN VIDYAMANDIR (ENG)","VADODARA","WARD-6, BABAJIPURA-17","Gujarat","Private Unaided (Recognized)","Pri. with Upper Pri. Sec. and H.Sec.","390012"
"24191305120","BAPS SAWAMINARAYAN VIDYAMANDIR (GUJ)","VADODARA","WARD-6, BABAJIPURA-17","Gujarat","Private Unaided (Recognized)","Pri. with Upper Pri. Sec. and H.Sec.","390012"
"24191102301","CHHAPARIYA PURA PRI.SCH.","VADODARA","RAYPURA","Gujarat","Local body","Primary with Upper Primary","391440"
"24191104501","GOKALPURA PRI.SCH.","VADODARA","GOKALPURA","Gujarat","Local body","Primary with Upper Primary","391410"
"24191204101","GUGAL PUR PRI.SCH.","VADODARA","GUGAL PUR","Gujarat","Local body","Primary","391761"
"24191300428","NAVSARJAN VIDHYALAY","VADODARA","WARD-4,PRTAPNGAR,DANTESWER,SRP,ITI","Gujarat","Private Unaided (Recognized)","Pri. Upper Pri. and Secondary Only",""
"24191300711","N.P. VADI SCHOOL NO-24","VADODARA","GIDC,WARD-12,SINDHWAI MATA ROAD","Gujarat","Local body","Primary with Upper Primary","390010"
"24191301437","N.P. VADI SCHOOL NO 39","VADODARA","WARD-7,FATEGUNJ,NAWAYARD,NEWSAMA","Gujarat","Local body","Primary with Upper Primary","390010"
"24191300424","ZENITH HIGH SCHOOL (GUJ)","VADODARA","WARD-4,PRTAPNGAR,DANTESWER,SRP,ITI","Gujarat","Government Aided","Secondary with Higher Secondary","390004"
"24190702901","FATEPURA (JASPUR) PRI.SCH.","VADODARA","JASPUR","Gujarat","Local body","Primary","391440"
"24191304512","SHRI SHIVAM VIDYALAYA (GUJ)","VADODARA","SHAHER-16, SH-22, AJWAROAD","Gujarat","Private Unaided (Recognized)","Pri. Upper Pri. and Secondary Only","390019"
"24191209101","PADARIYA PURA PRI.SCH.","VADODARA","VYARA","Gujarat","Local body","Primary","391760"
"24191301454","GYAN YAGNA VIDHAMANDIR","VADODARA","WARD-7,FATEGUNJ,NAWAYARD,NEWSAMA","Gujarat","Government Aided","Secondary with Higher Secondary","390012"
"24191301439","GYAN YAGNA VIDHAMANDIR","VADODARA","WARD-7,FATEGUNJ,NAWAYARD,NEWSAMA","Gujarat","Private Unaided (Recognized)","Primary with Upper Primary","390012"
"24191300421","SHRI SARSHVATI HINDI VIDHYALAY","VADODARA","WARD-4,PRTAPNGAR,DANTESWER,SRP,ITI","Gujarat","Private Unaided (Recognized)","Pri. with Upper Pri. Sec. and H.Sec.","390004"
"24191301441","SHRI SAIBABA VIDYALAYA","VADODARA","WARD-7,FATEGUNJ,NAWAYARD,NEWSAMA","Gujarat","Private Unaided (Recognized)","Pri. with Upper Pri. Sec. and H.Sec.","390012"
"24191303109","SHREE SWAMI VIVEKANAND VIDYALAYA","VADODARA","GAJRAVADI WARD 3","Gujarat","Private Unaided (Recognized)","Pri. with Upper Pri. Sec. and H.Sec.","390010"
"24191213702","AANKADIYAPURA PRI SCH","VADODARA","VEJAPUR","Gujarat","Local body","Primary","391760"
"24191301421","N P BABAJIPURA SCHOOL NO 17","VADODARA","WARD-7,FATEGUNJ,NAWAYARD,NEWSAMA","Gujarat","Local body","Primary with Upper Primary","390012"
"24191300604","BARODA HIGH SCHOOL (GUJ.)","VADODARA","MAKARPURA WARD 4","Gujarat","Private Unaided (Recognized)","Pri. with Upper Pri. Sec. and H.Sec.","390004"
"24191212902","PIPAR KUI N V PRI SCH","VADODARA","UMARVA","Gujarat","Local body","Primary","391760"
"24191301423","N.P. BABAJIPURA SCHOOL NO-30","VADODARA","WARD-7,FATEGUNJ,NAWAYARD,NEWSAMA","Gujarat","Local body","Primary with Upper Primary","390012"
"24191301436","N.P. BABAJIPURA SCHOOL NO-26","VADODARA","WARD-7,FATEGUNJ,NAWAYARD,NEWSAMA","Gujarat","Local body","Primary with Upper Primary","390012"
"24191306503","PHOTON SCHOOL","VADODARA","WARD NO 4 VADI - 16 ONGC","Gujarat","Private Unaided (Recognized)","Secondary with Higher Secondary",""
"24191302651","RUDRA SCHOOL OF SCIENCE (GUJ)","VADODARA","WARD-6,SAYAJI-1,SAYAJI-8,SAYAJI-21","Gujarat","Private Unaided (Recognized)","Higher Secondary only/Jr. College","390011"
"24191212901","UMARVA PRI.SCH.","VADODARA","UMARVA","Gujarat","Local body","Primary","391760"
"24191302660","RUDRA SCHOOL OF SCIENCE (ENGLISH)","VADODARA","WARD-6,SAYAJI-1,SAYAJI-8,SAYAJI-21","Gujarat","Private Unaided (Recognized)","Higher Secondary only/Jr. College","390011"
"24191201801","BHANPURA PRI.SCH.","VADODARA","BHANPURA","Gujarat","Local body","Primary with Upper Primary","391761"
"24191101712","IIRA INTERNATIONAL SCHOOL","VADODARA","BHAYALI","Gujarat","Private Unaided (Recognized)","Primary with Upper Primary","391410"
"24191300408","N.P. VADI SCHOOL NO-34","VADODARA","WARD-4,PRTAPNGAR,DANTESWER,SRP,ITI","Gujarat","Local body","Primary with Upper Primary","390004"
"24191302303","SWAMI VIDHYANANDJI VIDHYAVIHAR","VADODARA","GAJARAVADI-3,PONAM & MAHESH COMPLEX","Gujarat","Private Unaided (Recognized)","Primary with Upper Primary","390004"
"24191302319","SWAMI VIDHYANANDJI VIDHYAVIHAR","VADODARA","GAJARAVADI-3,PONAM & MAHESH COMPLEX","Gujarat","Government Aided","Secondary with Higher Secondary","390004"
"24191302621","N.P. VADI SCHOOL NO-14","VADODARA","WARD-6,SAYAJI-1,SAYAJI-8,SAYAJI-21","Gujarat","Local body","Primary with Upper Primary","390004"
"24191302402","LITTLE FLOWERS SCHOOL (GUJ)","VADODARA","NAVAPARA-WARD 3","Gujarat","Private Unaided (Recognized)","Primary with Upper Primary","300011"
"24191305801","LITTLE FLOWERS SCHOOL","VADODARA","WARD NO - 4 BABAJIPURA -13","Gujarat","Private Unaided (Recognized)","Primary with Upper Primary","390011"
"24191305804","LITTLE FLOWERS SCHOOL","VADODARA","WARD NO - 4 BABAJIPURA -13","Gujarat","Government Aided","Secondary Only","390011"
"24191305112","SHRI SAI BABA VIDYALAY (GUJ)","VADODARA","WARD-6, BABAJIPURA-17","Gujarat","Private Unaided (Recognized)","Pri. Upper Pri. and Secondary Only","390012"
"24191305122","GUJARAT PUBLIC  SCHOOL (CBSE)","VADODARA","WARD-6, BABAJIPURA-17","Gujarat","Private Unaided (Recognized)","Pri. with Upper Pri. Sec. and H.Sec.","390012"
"24191305107","GUJARAT PUBLIC  SCHOOL (AACT)","VADODARA","WARD-6, BABAJIPURA-17","Gujarat","Private Unaided (Recognized)","Pri. with Upper Pri. Sec. and H.Sec.","390012"
"24191302649","TREE HOUSE HIGH SCHOOL (CBSE)","VADODARA","WARD-6,SAYAJI-1,SAYAJI-8,SAYAJI-21","Gujarat","Private Unaided (Recognized)","Pri. Upper Pri. and Secondary Only","390012"
"24191214003","PATIYAPURA PRIMARY SCHOOL","VADODARA","VYARA","Gujarat","Local body","Primary","391760"
"24191300627","KENDRIYA VIDYALAYA NO-4","VADODARA","MAKARPURA WARD 4","Gujarat","Kendriya Vidyalaya","Pri. with Upper Pri. Sec. and H.Sec.","390009"
"24190210203","C.D.PATEL PRIMARY SCHOOL","VADODARA","THUVAVI","Gujarat","Private Unaided (Recognized)","Primary with Upper Primary","391107"
"24191112401","SHANKAR PURA PRI.SCH.","VADODARA","SHANKAR PURA","Gujarat","Local body","Primary with Upper Primary","390019"
"24191302644","ADARSH NIVASI SHALA ( S. C) GIRLS","VADODARA","WARD-6,SAYAJI-1,SAYAJI-8,SAYAJI-21","Gujarat","Social welfare Department","Secondary with Higher Secondary","390012"
"24191211202","RUSTAM PURA N.V. PRI.SCH.","VADODARA","RUSTAM PURA","Gujarat","Local body","Primary","391761"
"24191300709","N.P. BABAJIPURA SCHOOL NO-25","VADODARA","GIDC,WARD-12,SINDHWAI MATA ROAD","Gujarat","Local body","Primary with Upper Primary","390011"
"24191300708","N.P. BABAJIPURA SCHOOL NO-13","VADODARA","GIDC,WARD-12,SINDHWAI MATA ROAD","Gujarat","Local body","Primary with Upper Primary","390011"
"24191301438","TREE HOUSE HIGH SCHOOL","VADODARA","WARD-7,FATEGUNJ,NAWAYARD,NEWSAMA","Gujarat","Private Unaided (Recognized)","Pri. with Upper Pri. Sec. and H.Sec.","390012"
"24191302632","STELLA MARY'S SCHOOL (ENG)","VADODARA","WARD-6,SAYAJI-1,SAYAJI-8,SAYAJI-21","Gujarat","Private Unaided (Recognized)","Pri. with Upper Pri. Sec. and H.Sec.","390011"
"24191300624","SHREYAS VIDYALAYA (GUJ)","VADODARA","MAKARPURA WARD 4","Gujarat","Government Aided","Secondary with Higher Secondary","390004"
"24191300425","ZENITH SCHOOL (ENG) (SCI. & COM.)","VADODARA","WARD-4,PRTAPNGAR,DANTESWER,SRP,ITI","Gujarat","Private Unaided (Recognized)","Secondary with Higher Secondary","390004"
"24191211301","SAIDAL PRI.SCH.","VADODARA","SAIDAL","Gujarat","Local body","Primary with Upper Primary","391760"
"24191305808","BHULKA BHAVAN VIDYALAY","VADODARA","WARD NO - 4 BABAJIPURA -13","Gujarat","Private Unaided (Recognized)","Primary with Upper Primary","390011"
"24191300623","SHREYAS VIDYALAYA (ENG)","VADODARA","MAKARPURA WARD 4","Gujarat","Government Aided","Secondary with Higher Secondary","390010"
"24191300416","MAHATMA GANDHI VIDYALAYA","VADODARA","WARD-4,PRTAPNGAR,DANTESWER,SRP,ITI","Gujarat","Private Unaided (Recognized)","Primary with Upper Primary","390011"
"24191300422","MAHATMA GANDHI VIDYALAYA","VADODARA","WARD-4,PRTAPNGAR,DANTESWER,SRP,ITI","Gujarat","Government Aided","Secondary with Higher Secondary","390011"
"24191300620","JALARAM VIDHYALAY","VADODARA","MAKARPURA WARD 4","Gujarat","Private Unaided (Recognized)","Primary with Upper Primary","390011"
"24191306501","BARODA HIGH SCHOOL (ONGC)","VADODARA","WARD NO 4 VADI - 16 ONGC","Gujarat","Private Unaided (Recognized)","Primary with Upper Primary","390010"
"24191306502","BARODA HIGH SCHOOL (ONGC)","VADODARA","WARD NO 4 VADI - 16 ONGC","Gujarat","Government Aided","Secondary with Higher Secondary","390009"
"24191302624","PANCHSHIL VIDHYALAY (GUJ)","VADODARA","WARD-6,SAYAJI-1,SAYAJI-8,SAYAJI-21","Gujarat","Private Unaided (Recognized)","Pri. with Upper Pri. Sec. and H.Sec.","390011"
"24191300717","PANCHSHIL VIDYALAYA (ENG)","VADODARA","GIDC,WARD-12,SINDHWAI MATA ROAD","Gujarat","Private Unaided (Recognized)","Primary with Upper Primary","390011"
"24191205901","KAMALA PURA PRI.SCH.","VADODARA","KAMALAPURA","Gujarat","Local body","Primary","391760"
"24191305802","SILVER OAK SCHOOL (ENG)","VADODARA","WARD NO - 4 BABAJIPURA -13","Gujarat","Private Unaided (Recognized)","Pri. with Upper Pri. Sec. and H.Sec.","390004"
"24191300414","SHREYAS SAMARPAN VIDYALAYA(GUJ)","VADODARA","WARD-4,PRTAPNGAR,DANTESWER,SRP,ITI","Gujarat","Private Unaided (Recognized)","Primary with Upper Primary","390004"
"24191300415","SHREYAS SAMARPAN VIDYALAYA (ENG)","VADODARA","WARD-4,PRTAPNGAR,DANTESWER,SRP,ITI","Gujarat","Private Unaided (Recognized)","Primary with Upper Primary","390009"
"24191305121","NEW GUJARAT PUBLIC SCHOOL (ENG)","VADODARA","WARD-6, BABAJIPURA-17","Gujarat","Private Unaided (Recognized)","Primary with Upper Primary","390007"
"24191300418","SILVER OAK SCHOOL (GUJ)","VADODARA","WARD-4,PRTAPNGAR,DANTESWER,SRP,ITI","Gujarat","Private Unaided (Recognized)","Secondary with Higher Secondary","390004"
"24191300409","N.P. VADI SCHOOL NO-37","VADODARA","WARD-4,PRTAPNGAR,DANTESWER,SRP,ITI","Gujarat","Local body","Primary with Upper Primary","390004"
"24191300712","N.P. VADI SCHOOL NO-15","VADODARA","GIDC,WARD-12,SINDHWAI MATA ROAD","Gujarat","Local body","Primary with Upper Primary","390004"
"24191306301","SHREE VIDYALAYA","VADODARA","WARD N0 23 VADI -16","Gujarat","Private Unaided (Recognized)","Primary with Upper Primary","390004"
"24191305811","LITTLE FLOWERS SCHOOL (HARIDHAM) - ENG","VADODARA","WARD NO - 4 BABAJIPURA -13","Gujarat","Private Unaided (Recognized)","Secondary Only","390011"
"24191300804","STELLA MARY'S SCHOOL (GUJ)","VADODARA","BABAJIPURA WARD 5 E","Gujarat","Private Unaided (Recognized)","Pri. Upper Pri. and Secondary Only","390011"
"24191209501","PAVALEPUR PRI.SCH.","VADODARA","PAVALEPUR","Gujarat","Local body","Primary","136170"
"24191305302","UMIYA VIDHYALAY","VADODARA","VADI - 16","Gujarat","Private Unaided (Recognized)","Pri. Upper Pri. and Secondary Only","390025"
"24191212201","SUGALIYAPURA PRI SCH","VADODARA","VAGHODIYA","Gujarat","Local body","Primary","391760"
"24191110502","RAMPURA(BHAYALI) PRI.SCH.","VADODARA","RAYPURA","Gujarat","Local body","Primary with Upper Primary","391410"
"24191305810","LITTLE FLOWERS SCHOOL (MATRUCHHAYA) - GUJ","VADODARA","WARD NO - 4 BABAJIPURA -13","Gujarat","Private Unaided (Recognized)","Primary with Upper Primary","390011"
"24191305809","LITTLE FLOWERS SCHOOL (MATRUCHHAYA) - ENG","VADODARA","WARD NO - 4 BABAJIPURA -13","Gujarat","Private Unaided (Recognized)","Primary with Upper Primary","390011"
"24191211201","RUSTAM PURA PRI.SCH.","VADODARA","RUSTAM PURA","Gujarat","Local body","Primary with Upper Primary","391761"
"24190705701","MAHMADPURA PRIMARY SCHOOL","VADODARA","MAHMADPURA","Gujarat","Local body","Primary with Upper Primary","391440"
"24191305301","PRINCE  ASHOK RAJE GAEKWAD SCHOOL","VADODARA","VADI - 16","Gujarat","Private Unaided (Recognized)","Pri. with Upper Pri. Sec. and H.Sec.","390011"
"24191211203","Sir B.A.Dalal Sarvajanik Highschool","VADODARA","RUSTAM PURA","Gujarat","Government Aided","Secondary with Higher Secondary","391761"
"24191101702","BHAYALI KANYA PRI.SCH.","VADODARA","BHAYALI","Gujarat","Local body","Primary with Upper Primary","391410"
"24191300406","N.P. VADI SCHOOL NO-16","VADODARA","WARD-4,PRTAPNGAR,DANTESWER,SRP,ITI","Gujarat","Local body","Primary with Upper Primary","390004"
"24191300410","N.P. VADI SCHOOL NO-26","VADODARA","WARD-4,PRTAPNGAR,DANTESWER,SRP,ITI","Gujarat","Local body","Primary with Upper Primary","390004"
"24191305807","MY APPLE SCHOOL","VADODARA","WARD NO - 4 BABAJIPURA -13","Gujarat","Private Unaided (Recognized)","Primary","390007"
"24191101713","SHREE PRAGATI VIDHYALAY NON GRANTED","VADODARA","BHAYALI","Gujarat","Private Unaided (Recognized)","Primary with Upper Primary","391410"
"24191101704","SHREE PRAGATI VIDHAYA BHAYALI","VADODARA","BHAYALI","Gujarat","Government Aided","Upper Primary only","391410"
"24191101701","BHAYALI KUMAR PRI.SCH.","VADODARA","BHAYALI","Gujarat","Local body","Primary with Upper Primary","391410"
"24191110901","RAYPURA PRI.SCH.","VADODARA","RAYPURA","Gujarat","Local body","Primary with Upper Primary","391410"
"24191213408","AMBALI PRI. SCH.","VADODARA","VASVEL","Gujarat","Local body","Primary with Upper Primary","391760"
"24191305117","JIAM ENGLISH MEDIUM SCHOOL","VADODARA","WARD-6, BABAJIPURA-17","Gujarat","Private Unaided (Recognized)","Primary with Upper Primary","390012"
"24191101705","SHREE PRAGATI VIDHYALAYA","VADODARA","BHAYALI","Gujarat","Government Aided","Secondary with Higher Secondary","391410"
"24191211302","SAIDAL PUN VASAHAT PRI SCH","VADODARA","SAIDAL","Gujarat","Local body","Primary","391760"
"24191305803","SHARAD KANYA VIDHYALAYA","VADODARA","WARD NO - 4 BABAJIPURA -13","Gujarat","Government Aided","Secondary Only","390010"
"24191207201","LIMDA PRI SCH","VADODARA","LIMDA","Gujarat","Local body","Primary with Upper Primary","391760"
"24191212602","DEVASHISH VIDHYAMANDIR TAVRA","VADODARA","TAVRA","Gujarat","Private Unaided (Recognized)","Pri. with Upper Pri. Sec. and H.Sec.","391760"
"24191305101","CRESCENT ENGLISH SCHOOL","VADODARA","WARD-6, BABAJIPURA-17","Gujarat","Private Unaided (Recognized)","Primary with Upper Primary","390012"
"24191300420","ZENITH PRATHMIK REGD SHALA (GUJ)","VADODARA","WARD-4,PRTAPNGAR,DANTESWER,SRP,ITI","Gujarat","Private Unaided (Recognized)","Primary with Upper Primary","390004"
"24191300419","ZENITH PRIMARY SCHOOL (ENG)","VADODARA","WARD-4,PRTAPNGAR,DANTESWER,SRP,ITI","Gujarat","Private Unaided (Recognized)","Primary with Upper Primary","390004"
"24191300427","LIONS BLIND GIRLS SCHOOL","VADODARA","WARD-4,PRTAPNGAR,DANTESWER,SRP,ITI","Gujarat","Private Unaided (Recognized)","Primary","390004"
"24191301422","ATMAJYOT VIDHYALAY","VADODARA","WARD-7,FATEGUNJ,NAWAYARD,NEWSAMA","Gujarat","Private Unaided (Recognized)","Pri. with Upper Pri. Sec. and H.Sec.","390012"
"24191101711","THE BRIGHT SCHOOL","VADODARA","BHAYALI","Gujarat","Private Unaided (Recognized)","Primary with Upper Primary","391410"
"24190704002","SHREE SEVA SAMAJ VIDHYALAYA","VADODARA","JASPUR","Gujarat","Government Aided","Secondary with Higher Secondary","391440"
"24191302324","SSV SCHOOL (GUJ)","VADODARA","GAJARAVADI-3,PONAM & MAHESH COMPLEX","Gujarat","Private Unaided (Recognized)","Pri. with Upper Pri. Sec. and H.Sec.","390019"
"24191302323","SSV SCHOOL (ENG)","VADODARA","GAJARAVADI-3,PONAM & MAHESH COMPLEX","Gujarat","Private Unaided (Recognized)","Pri. with Upper Pri. Sec. and H.Sec.","390015"
"24191302648","H. S. PATEL HIGH SCHOOL","VADODARA","WARD-6,SAYAJI-1,SAYAJI-8,SAYAJI-21","Gujarat","Government Aided","Secondary with Higher Secondary","390011"
"24191305116","ADITI VIDAYALAY  (ENG)","VADODARA","WARD-6, BABAJIPURA-17","Gujarat","Private Unaided (Recognized)","Pri. Upper Pri. and Secondary Only","390011"
"24191107201","KHATAMBA PRI.SCH.","VADODARA","KHATAMBA","Gujarat","Local body","Primary","390019"
"24191200704","SANAKARPURA PRIMARY SCHOOL","VADODARA","AMODAR","Gujarat","Local body","Primary","391510"
"24190702101","DAJIPURA PRIMARY SCHOOL","VADODARA","JASPUR","Gujarat","Local body","Primary","391440"
"24190705201","LAKHADI KUI PRIMARY SCHOOL","VADODARA","JASPUR","Gujarat","Local body","Primary with Upper Primary","391440"
"24191305111","SWAMI SHREE KRISHNANDJI VIDHYAVIHAR","VADODARA","WARD-6, BABAJIPURA-17","Gujarat","Private Unaided (Recognized)","Primary with Upper Primary","390020"
"24191301901","N.P. BABAJIPURA SCHOOL NO 14","VADODARA","BABAJIPURA WARD - 19","Gujarat","Local body","Primary with Upper Primary","390020"
"24191301444","VIDYAKUNJ HIGHSCHOOL","VADODARA","WARD-7,FATEGUNJ,NAWAYARD,NEWSAMA","Gujarat","Private Unaided (Recognized)","Primary with Upper Primary","390009"
"24191301456","VIDYAKUNJ HIGHSCHOOL","VADODARA","WARD-7,FATEGUNJ,NAWAYARD,NEWSAMA","Gujarat","Government Aided","Secondary with Higher Secondary","390011"
"24191305109","ADITI VIDAYALAY (GUJ)","VADODARA","WARD-6, BABAJIPURA-17","Gujarat","Private Unaided (Recognized)","Pri. with Upper Pri. Sec. and H.Sec.","390011"
"24191305125","GREEN VALLEY PRIMARY SCHOOL ( ENG )","VADODARA","WARD-6, BABAJIPURA-17","Gujarat","Private Unaided (Recognized)","Primary","390019"
"24191303206","SHREE VALLABH VIDHYA MANDIR","VADODARA","WARD-09,PANIGATE","Gujarat","Private Unaided (Recognized)","Pri. with Upper Pri. Sec. and H.Sec.","390025"
"24191306302","SHREE VIDYALAYA ENG","VADODARA","WARD N0 23 VADI -16","Gujarat","Private Unaided (Recognized)","Primary","390004"
"24191305106","WADIWALA SCHOOL GUJ","VADODARA","WARD-6, BABAJIPURA-17","Gujarat","Private Unaided (Recognized)","Primary with Upper Primary","390012"
"24191305108","JIVAN SHANTI VIKAS MUNSHI VIDHAYALAY","VADODARA","WARD-6, BABAJIPURA-17","Gujarat","Private Unaided (Recognized)","Primary with Upper Primary","390012"
"24191305110","MODERN VIDHYALAY (ENG)","VADODARA","WARD-6, BABAJIPURA-17","Gujarat","Private Unaided (Recognized)","Primary with Upper Primary","390012"
"24191302318","SHREE NARAYAN VIDHYALAY (GUJ)","VADODARA","GAJARAVADI-3,PONAM & MAHESH COMPLEX","Gujarat","Government Aided","Secondary Only","390025"
"24191301132","SHREE NARAYAN VIDHYALAY","VADODARA","EL WARD 3 FATEPURA- 1","Gujarat","Private Unaided (Recognized)","Secondary with Higher Secondary","390006"
"24191305114","RANESHWAR VIDHYALAY","VADODARA","WARD-6, BABAJIPURA-17","Gujarat","Private Unaided (Recognized)","Pri. with Upper Pri. Sec. and H.Sec.","390012"
"24191300205","SHREE NARAYAN VIDYALAY (GUJ)","VADODARA","SHUBHANPURA-10,GORWA,VADIVADI","Gujarat","Private Unaided (Recognized)","Pri. with Upper Pri. Sec. and H.Sec.","390025"
"24191302407","KARM YOGIN SCHOOL","VADODARA","NAVAPARA-WARD 3","Gujarat","Private Unaided (Recognized)","Primary with Upper Primary","390025"
"24191300105","SHRINATH VIDYALAYA","VADODARA","GAJRAVADI-3, VADI- BAMBKHANA","Gujarat","Private Unaided (Recognized)","Pri. with Upper Pri. Sec. and H.Sec.","390019"
"24191101708","BRIGHT DAY SCHOOL CBSE VASNA","VADODARA","BHAYALI","Gujarat","Private Unaided (Recognized)","Pri. with Upper Pri. Sec. and H.Sec.","391410"
"24191302650","ADARSH NIVASI SALA (S.T.) GIRL'S","VADODARA","WARD-6,SAYAJI-1,SAYAJI-8,SAYAJI-21","Gujarat","Tribal Welfare Department","Secondary with Higher Secondary","390020"
"24191303806","N.P. SAYAJIGUNJ SCHOOL NO-44","VADODARA","SAYAJIGUNJ 10, CHHANIROAD","Gujarat","Local body","Primary with Upper Primary","390012"
"24191302305","SHREY SARTHAK VIDHAYLAY","VADODARA","GAJARAVADI-3,PONAM & MAHESH COMPLEX","Gujarat","Private Unaided (Recognized)","Primary with Upper Primary","390019"
"24191304503","N.P. SAYAJIGUNJ SCHOOL NO-25","VADODARA","SHAHER-16, SH-22, AJWAROAD","Gujarat","Local body","Primary with Upper Primary","390012"
"24191302321","SHREE BHARTI VIDYALAYA","VADODARA","GAJARAVADI-3,PONAM & MAHESH COMPLEX","Gujarat","Government Aided","Secondary with Higher Secondary","390001"
"24191302317","SHREE BHARTI VIDYALAYA","VADODARA","GAJARAVADI-3,PONAM & MAHESH COMPLEX","Gujarat","Private Unaided (Recognized)","Primary with Upper Primary","390006"
"24191101706","BRIGHT DAY SCHOOL -ENG","VADODARA","BHAYALI","Gujarat","Private Unaided (Recognized)","Secondary with Higher Secondary","391410"
"24191302316","PRAGATI VIDHYALAYA","VADODARA","GAJARAVADI-3,PONAM & MAHESH COMPLEX","Gujarat","Government Aided","Primary with Upper Primary","390001"
"24191213404","DANKHEDA PRI. SCH.","VADODARA","VASVEL","Gujarat","Local body","Primary with Upper Primary","391760"
"24191302315","SHREE NARAYANA INTERNATIONAL SCHOOL","VADODARA","GAJARAVADI-3,PONAM & MAHESH COMPLEX","Gujarat","Private Unaided (Recognized)","Pri. with Upper Pri. Sec. and H.Sec.","390025"
"24191200703","PIPARKUI PRIMARY SCHOOL","VADODARA","UMARVA","Gujarat","Local body","Primary","391760"
"24191209702","SANSKAR VIDHYALAYA","VADODARA","PIPLIYA","Gujarat","Government Aided","Secondary Only","391760"
"24191209701","PIPLIYA PRI.SCH.","VADODARA","PIPLIYA","Gujarat","Local body","Primary","391760"
"24191301623","RIGHT WAY SCHOOL (ENG)","VADODARA","WARD-11,GERI,VASANA,GOTRI","Gujarat","Private Unaided (Recognized)","Primary with Upper Primary","390012"
"24191302004","BARODA HIGH SCHOOL","VADODARA","WARD-5,SIYABAUG,KHANDERAO MARKET","Gujarat","Government Aided","Secondary with Higher Secondary","390001"
"24191301205","OXFORD HIGH SCHOOL","VADODARA","WARD-10,VADIVADI,GORAVA,CHHANI","Gujarat","Private Unaided (Recognized)","Primary with Upper Primary","390001"
"24191107204","AMICUS INTERNATIONAL SCHOOL","VADODARA","KHATAMBA","Gujarat","Private Unaided (Recognized)","Primary with Upper Primary",""
"24191302505","NAVJIVAN HIGHSCHOOL","VADODARA","WARD-5,NEAR POLOGROUND","Gujarat","Private Unaided (Recognized)","Primary with Upper Primary","390001"
"24191302508","NAVJIVAN HIGHSCHOOL","VADODARA","WARD-5,NEAR POLOGROUND","Gujarat","Government Aided","Secondary with Higher Secondary","390001"
"24191301204","BARODA HIGH SCHOOL","VADODARA","WARD-10,VADIVADI,GORAVA,CHHANI","Gujarat","Private Unaided (Recognized)","Primary with Upper Primary","390001"
"24191300802","SAYAJI VIDYA VIHAR HIGH SCHOOL","VADODARA","BABAJIPURA WARD 5 E","Gujarat","Government Aided","Secondary Only","390020"
"24191302401","N.P. VADI SCHOOL NO-18","VADODARA","NAVAPARA-WARD 3","Gujarat","Local body","Primary with Upper Primary","390017"
"24191303113","N.P. VADI SCHOOL N0-32","VADODARA","GAJRAVADI WARD 3","Gujarat","Local body","Primary with Upper Primary","390017"
"24191302307","ANGEL'S  SCHOOL (GUJ)","VADODARA","GAJARAVADI-3,PONAM & MAHESH COMPLEX","Gujarat","Private Unaided (Recognized)","Primary with Upper Primary","390019"
"24191302308","ANGEL'S  SCHOOL (ENG)","VADODARA","GAJARAVADI-3,PONAM & MAHESH COMPLEX","Gujarat","Private Unaided (Recognized)","Primary with Upper Primary","390019"
"24191300805","SHREYAS VIDYALAYA ENG","VADODARA","BABAJIPURA WARD 5 E","Gujarat","Private Unaided (Recognized)","Pri. Upper Pri. and Secondary Only","390001"
"24191302801","SHREYAS VIDYALAYA (GUJ)","VADODARA","VADODARA 5 E","Gujarat","Private Unaided (Recognized)","Pri. Upper Pri. and Secondary Only","390016"
"24191303115","BARODA PUBLIC SCHOOL","VADODARA","GAJRAVADI WARD 3","Gujarat","Private Unaided (Recognized)","Pri. with Upper Pri. Sec. and H.Sec.","390019"
"24191101709","NAVRACHNA INTERNATIONAL SCHOOL","VADODARA","BHAYALI","Gujarat","Private Unaided (Recognized)","Pri. with Upper Pri. Sec. and H.Sec.","391410"
"24191302310","CRYSTAL SCHOOL (GUJ)","VADODARA","GAJARAVADI-3,PONAM & MAHESH COMPLEX","Gujarat","Private Unaided (Recognized)","Pri. with Upper Pri. Sec. and H.Sec.","390025"
"24191302309","CRYSTAl SCHOOL (ENG)","VADODARA","GAJARAVADI-3,PONAM & MAHESH COMPLEX","Gujarat","Private Unaided (Recognized)","Pri. with Upper Pri. Sec. and H.Sec.","390025"
"24191302325","SHREY SARTHAK VIDHAYALAY ENG","VADODARA","GAJARAVADI-3,PONAM & MAHESH COMPLEX","Gujarat","Private Unaided (Recognized)","Pri. Upper Pri. and Secondary Only",""
"24191212601","TAVARA PRI SCH","VADODARA","TAVRA","Gujarat","Local body","Primary","391760"
"24191302501","VIDYABHAVAN PRI SCH","VADODARA","WARD-5,NEAR POLOGROUND","Gujarat","Private Unaided (Recognized)","Primary with Upper Primary","390001"
"24191302509","VIDYABHAVAN PRI SCH (ENG)","VADODARA","WARD-5,NEAR POLOGROUND","Gujarat","Private Unaided (Recognized)","Primary","390001"
"24191107202","C. N. PARMAR GURUKUL ASHRAM SCHOOL","VADODARA","KHATAMBA","Gujarat","Tribal Welfare Department","Primary with Upper Primary","390019"
"24191208301","NANI MANEKPUR PRI.SCH.","VADODARA","NANI MANEKPUR","Gujarat","Local body","Primary","391761"
"24191302202","N.P. BABAJIPURA SCHOOL NO-8","VADODARA","EL WARD NO 7  FATEPURA 1","Gujarat","Local body","Primary with Upper Primary","390001"
"24191200701","AAMODAR PRI.SCH.","VADODARA","AMODAR","Gujarat","Local body","Primary with Upper Primary","391760"
"24191302001","N.P. BABAJIPURA SCHOOL NO-7","VADODARA","WARD-5,SIYABAUG,KHANDERAO MARKET","Gujarat","Local body","Primary with Upper Primary","390001"
"24191305105","FAIZ SCHOOL (ENG)","VADODARA","WARD-6, BABAJIPURA-17","Gujarat","Private Unaided (Recognized)","Pri. with Upper Pri. Sec. and H.Sec.","390020"
"24191302322","SAPPHIRE GLOBAL SCHOOL","VADODARA","GAJARAVADI-3,PONAM & MAHESH COMPLEX","Gujarat","Private Unaided (Recognized)","Primary with Upper Primary","390025"
"24191305104","FAIZ SCHOOL (GUJ)","VADODARA","WARD-6, BABAJIPURA-17","Gujarat","Private Unaided (Recognized)","Pri. with Upper Pri. Sec. and H.Sec.","390012"
"24191302002","SADHU VASWANI VIDYA MANDIR","VADODARA","WARD-5,SIYABAUG,KHANDERAO MARKET","Gujarat","Private Unaided (Recognized)","Primary with Upper Primary","390001"
"24191303013","FIRST STEP SCHOOL","VADODARA","VAGHODIA ROAD WARD-9","Gujarat","Private Unaided (Recognized)","Primary","390007"
"24191303012","NEW HEAVEN SCHOOL (ENG.)","VADODARA","VAGHODIA ROAD WARD-9","Gujarat","Private Unaided (Recognized)","Primary","390019"
"24191302301","N.P. VADI SCHOOL NO-3","VADODARA","GAJARAVADI-3,PONAM & MAHESH COMPLEX","Gujarat","Local body","Primary with Upper Primary","390017"
"24191300809","SHIRU VIDHYALAY","VADODARA","BABAJIPURA WARD 5 E","Gujarat","Private Unaided (Recognized)","Secondary Only","390001"
"24191214401","BHARVADVAS PRI. SCH.","VADODARA","AMODAR","Gujarat","Local body","Primary","391760"
"24191303014","SHREE SWAMI VIVEKANAND VIDHYALAYA (ENG)","VADODARA","VAGHODIA ROAD WARD-9","Gujarat","Private Unaided (Recognized)","Pri. with Upper Pri. Sec. and H.Sec.","390007"
"24191300808","SHIYABAG PVT REG. SHALA","VADODARA","BABAJIPURA WARD 5 E","Gujarat","Private Unaided (Recognized)","Primary with Upper Primary","390001"
"24191107203","C.N. PARMAR GURUKUL VIDHYALAYA KHATAMBA","VADODARA","KHATAMBA","Gujarat","Private Unaided (Recognized)","Secondary Only","390019"
"24191213405","CHANDPURA PRI. SCH.","VADODARA","VASVEL","Gujarat","Local body","Primary","391760"
"24191305124","KHADIJATULKUBRA GIRLS SCHOOL","VADODARA","WARD-6, BABAJIPURA-17","Gujarat","Private Unaided (Recognized)","Primary with Upper Primary","390020"
"24191101714","NAVRACHNA INTERNATIONAL SCHOOL I.B.","VADODARA","BHAYALI","Gujarat","Private Unaided (Recognized)","Pri. with Upper Pri. Sec. and H.Sec.","391410"
"24191301455","UNNATI VIDYALAYA","VADODARA","WARD-7,FATEGUNJ,NAWAYARD,NEWSAMA","Gujarat","Government Aided","Secondary Only","390020"
"24191302408","SANSKAR VIKAS PRI SCH","VADODARA","NAVAPARA-WARD 3","Gujarat","Government Aided","Primary","390001"
"24191302657","BASIL SCHOOL","VADODARA","WARD-6,SAYAJI-1,SAYAJI-8,SAYAJI-21","Gujarat","Government Aided","Secondary with Higher Secondary","390020"
"24191302641","BASIL SCHOOL","VADODARA","WARD-6,SAYAJI-1,SAYAJI-8,SAYAJI-21","Gujarat","Private Unaided (Recognized)","Primary with Upper Primary","390020"
"24191302005","NEW HORIZON SCHOOL","VADODARA","WARD-5,SIYABAUG,KHANDERAO MARKET","Gujarat","Private Unaided (Recognized)","Secondary with Higher Secondary","390001"
"24191306102","SHREE M K NADKARNI HIGH SCHOOL","VADODARA","WARD NO 14 AKOTA BABAJIPURA -17","Gujarat","Government Aided","Secondary Only","390001"
"24191301705","KELAVANI TRUST VIDHYALAY (ENG.)","VADODARA","SAYAJI-6, PARASI-AGIYARI","Gujarat","Private Unaided (Recognized)","Pri. with Upper Pri. Sec. and H.Sec.","390015"
"24191301704","KELAVANI TRUST VIDYALAYA (GUJ)","VADODARA","SAYAJI-6, PARASI-AGIYARI","Gujarat","Private Unaided (Recognized)","Primary with Upper Primary","390015"
"24191304903","SHRI HARI BHAKTI RANESWAR VIDHYAMANDIR","VADODARA","SAYAJI-21, GOTRI","Gujarat","Private Unaided (Recognized)","Pri. with Upper Pri. Sec. and H.Sec.","390007"
"24191301608","M K PRIMARY SCHOOL","VADODARA","WARD-11,GERI,VASANA,GOTRI","Gujarat","Private Unaided (Recognized)","Primary with Upper Primary","390007"
"24191301801","SABARI VIDYALAYA","VADODARA","SAYAJIGANJ WARD - 16","Gujarat","Private Unaided (Recognized)","Primary with Upper Primary","390015"
"24191301803","SABARI VIDYALAYA","VADODARA","SAYAJIGANJ WARD - 16","Gujarat","Government Aided","Secondary with Higher Secondary","390015"
"24191300607","LITTLE FLOWERS  SCHOOL (ENG)","VADODARA","MAKARPURA WARD 4","Gujarat","Private Unaided (Recognized)","Primary with Upper Primary","390001"
"24191300606","LITTLE FLOWERS SCHOOL  (GUJ)","VADODARA","MAKARPURA WARD 4","Gujarat","Private Unaided (Recognized)","Primary with Upper Primary","390001"
"24191204801","ISHWARPURA PRI SCH","VADODARA","LIMDA","Gujarat","Local body","Primary","391760"
"24191209705","GUJARAT PUBLIC SCHOOL GSEB ENGLISH","VADODARA","PIPLIYA","Gujarat","Private Unaided (Recognized)","Primary with Upper Primary","391760"
"24191209706","GUJARAT PUBLIC INTERNATIONAL SCHOOL CBSE","VADODARA","PIPLIYA","Gujarat","Private Unaided (Recognized)","Primary with Upper Primary","391760"
"24191300201","OM SCHOOL (GUJ)","VADODARA","SHUBHANPURA-10,GORWA,VADIVADI","Gujarat","Private Unaided (Recognized)","Pri. with Upper Pri. Sec. and H.Sec.","390010"
"24191209704","GUJARAT PUBLIC SCHOOL GSEB GUJARATI","VADODARA","PIPLIYA","Gujarat","Private Unaided (Recognized)","Primary with Upper Primary","391760"
"24191304106","BAL KALYAN KENDRA SHALA","VADODARA","EL WARD 7 SHAHER - 3","Gujarat","Private Unaided (Recognized)","Primary with Upper Primary","390001"
"24191304514","KIDZANIAA SCHOOL (ENG)","VADODARA","SHAHER-16, SH-22, AJWAROAD","Gujarat","Private Unaided (Recognized)","Primary with Upper Primary","390007"
"24191303015","ROOSEVELT HIGH SCHOOL","VADODARA","VAGHODIA ROAD WARD-9","Gujarat","Government Aided","Secondary with Higher Secondary","390007"
"24191100803","GREEN VALLEY HIGHER SEC. SCHOOL","VADODARA","AMPAD","Gujarat","Private Unaided (Recognized)","Higher Secondary only/Jr. College","391101"
"24191302320","SHREE MAVLANKAR VIDYALAYA","VADODARA","GAJARAVADI-3,PONAM & MAHESH COMPLEX","Gujarat","Private Unaided (Recognized)","Secondary Only","390017"
"24191302312","SHREE MAVLANKAR VIDYALAYA","VADODARA","GAJARAVADI-3,PONAM & MAHESH COMPLEX","Gujarat","Government Aided","Primary with Upper Primary","390017"
"24191303101","N.P. VADI SCHOOL N0-1","VADODARA","GAJRAVADI WARD 3","Gujarat","Local body","Primary with Upper Primary","390017"
"24191304504","N.P. SHAHER SCHOOL NO 30","VADODARA","SHAHER-16, SH-22, AJWAROAD","Gujarat","Local body","Primary with Upper Primary","390019"
"24191100802","GREEN VALLEY HIGH SCHOOL","VADODARA","AMPAD","Gujarat","Private Unaided (Recognized)","Pri. with Upper Pri. Sec. and H.Sec.","391101"
"24191306202","SHREE AMBY VIDYALAYA ( ENG )","VADODARA","WARD NO 9 SHAHER- 16","Gujarat","Private Unaided (Recognized)","Pri. with Upper Pri. Sec. and H.Sec.","390019"
"24191306201","SHREE AMBY VIDYALAYA ( GUJ )","VADODARA","WARD NO 9 SHAHER- 16","Gujarat","Private Unaided (Recognized)","Pri. with Upper Pri. Sec. and H.Sec.","390019"
"24191213409","HIMATPURA PRI SCH","VADODARA","VASVEL","Gujarat","Local body","Primary","391760"
"24191302102","N.P. SHAHER SCHOOL NO-10","VADODARA","WARD-3,CHOKHANDI","Gujarat","Local body","Primary with Upper Primary","390001"
"24191302633","SHREE ROOPAK PRA. REG. SHALA NO-1","VADODARA","WARD-6,SAYAJI-1,SAYAJI-8,SAYAJI-21","Gujarat","Government Aided","Primary with Upper Primary","390001"
"24191209703","AVALON WORLD SCHOOL","VADODARA","PIPLIYA","Gujarat","Private Unaided (Recognized)","Pri. Upper Pri. and Secondary Only","391760"
"24191302613","N.P. SAYAJIGUNJ SCHOOL NO-11","VADODARA","WARD-6,SAYAJI-1,SAYAJI-8,SAYAJI-21","Gujarat","Local body","Primary with Upper Primary","390020"
"24191303117","M E S GIRL'S HIGH SCHOOL","VADODARA","GAJRAVADI WARD 3","Gujarat","Private Unaided (Recognized)","Primary with Upper Primary","390001"
"24191303119","M E S GIRL'S HIGH SCHOOL","VADODARA","GAJRAVADI WARD 3","Gujarat","Government Aided","Secondary with Higher Secondary","390001"
"24191302616","N.P. SAYAJIGUNJ SCHOOL NO-32","VADODARA","WARD-6,SAYAJI-1,SAYAJI-8,SAYAJI-21","Gujarat","Local body","Primary with Upper Primary","390020"
"24191301453","M. E. S. HIGH SCHOOL","VADODARA","WARD-7,FATEGUNJ,NAWAYARD,NEWSAMA","Gujarat","Government Aided","Secondary with Higher Secondary","390001"
"24191302617","N.P. SAYAJIGUNJ SCHOOL NO-34","VADODARA","WARD-6,SAYAJI-1,SAYAJI-8,SAYAJI-21","Gujarat","Local body","Primary with Upper Primary","390020"
"24191303104","IKHWANUL MUSLEMIN PRIMARY REG. SHALA","VADODARA","GAJRAVADI WARD 3","Gujarat","Government Aided","Primary with Upper Primary","390017"
"24190704001","JASPUR PRIMARY SCHOOL","VADODARA","JASPUR","Gujarat","Local body","Primary with Upper Primary","391440"
"24191303008","Smt. CHAMPASIPPY MEMORIAL HIGH SCHOOL","VADODARA","VAGHODIA ROAD WARD-9","Gujarat","Government Aided","Secondary Only","390025"
"24191301445","ST. KABIR SCHOOL (ENG)","VADODARA","WARD-7,FATEGUNJ,NAWAYARD,NEWSAMA","Gujarat","Private Unaided (Recognized)","Pri. with Upper Pri. Sec. and H.Sec.","390015"
"24191304312","N.P. BABAJIPURA SCHOOL NO-1","VADODARA","RAOPURA -8, NAGARVADA, KOTHI","Gujarat","Local body","Primary with Upper Primary","390001"
"24191305812","ATMIYA VIDHYALAY (ENG)","VADODARA","WARD NO - 4 BABAJIPURA -13","Gujarat","Private Unaided (Recognized)","Primary with Upper Primary","390011"
"24191105201","HINGLOT PRI.SCH.","VADODARA","AMPAD","Gujarat","Local body","Primary","390001"
"24191302106","R & K PANDYA HIGHSCHOOL","VADODARA","WARD-3,CHOKHANDI","Gujarat","Government Aided","Secondary with Higher Secondary","390017"
"24191303103","N.P. SHAHER SCHOOL N0-24","VADODARA","GAJRAVADI WARD 3","Gujarat","Local body","Primary with Upper Primary","390016"
"24191301457","RAMESHWAR VIDHYALAYA","VADODARA","WARD-7,FATEGUNJ,NAWAYARD,NEWSAMA","Gujarat","Government Aided","Secondary Only","390021"
"24191301458","RAMESHWAR VIDHYALAYA","VADODARA","WARD-7,FATEGUNJ,NAWAYARD,NEWSAMA","Gujarat","Private Unaided (Recognized)","Higher Secondary only/Jr. College","390021"
"24191301446","RAMESHWAR VIDHYALAYA","VADODARA","WARD-7,FATEGUNJ,NAWAYARD,NEWSAMA","Gujarat","Private Unaided (Recognized)","Primary with Upper Primary","390021"
"24191302404","N.P. VADI SCHOOL NO-19","VADODARA","NAVAPARA-WARD 3","Gujarat","Local body","Primary with Upper Primary","390017"
"24191302105","SHREE SAYAJI HIGH SCHOOL","VADODARA","WARD-3,CHOKHANDI","Gujarat","Private Unaided (Recognized)","Primary with Upper Primary","390001"
"24191302108","SHREE SAYAJI HIGH SCHOOL","VADODARA","WARD-3,CHOKHANDI","Gujarat","Government Aided","Secondary with Higher Secondary","390001"
"24191302306","SHRI O L PANDAYA PRIMARY VIHDYALAY","VADODARA","GAJARAVADI-3,PONAM & MAHESH COMPLEX","Gujarat","Private Unaided (Recognized)","Primary with Upper Primary","390017"
"24191306401","RISING PRIMARY SCHOOL GUJ MED","VADODARA","WARD NO 24 BABAJIPURA 20","Gujarat","Private Unaided (Recognized)","Primary with Upper Primary","390009"
"24191304908","SHREE KRUSHNA VIDHYALAY","VADODARA","SAYAJI-21, GOTRI","Gujarat","Government Aided","Secondary Only","390007"
"24191304905","SHREE KRUSHNA VIDHYALAY","VADODARA","SAYAJI-21, GOTRI","Gujarat","Private Unaided (Recognized)","Primary with Upper Primary","390007"
"24191300104","H V SHROFF MEMORIAL HIGH SCHOOL","VADODARA","GAJRAVADI-3, VADI- BAMBKHANA","Gujarat","Government Aided","Secondary with Higher Secondary","390017"
"24191212701","TIMBI PRI SCH","VADODARA","TIMBI","Gujarat","Local body","Primary","391760"
"24191302107","SHREE SAYAJI GIRL'S HIGHSCHOOL","VADODARA","WARD-3,CHOKHANDI","Gujarat","Government Aided","Secondary with Higher Secondary","390001"
"24191300103","SAYAJI GIRL'S  PRI SCHOOL","VADODARA","GAJRAVADI-3, VADI- BAMBKHANA","Gujarat","Private Unaided (Recognized)","Upper Primary only","390001"
"24191213219","BRILIANT SCHOOOL ENGLISH MEDAIM","VADODARA","VAGHODIYA","Gujarat","Private Unaided (Recognized)","Primary","391760"
"24191304516","ROOSEVELT HIGH SCHOOL (ENG)","VADODARA","SHAHER-16, SH-22, AJWAROAD","Gujarat","Private Unaided (Recognized)","Secondary Only","390012"
"24191300367","PANDIT DIN DIYAL UPADHYAY PRIMARY SCHOOL ENG","VADODARA","BELBAG-7,PRTAPGNJ,FATEGNJ,NIZAMPURA","Gujarat","Local body","Primary with Upper Primary","390024"
"24191301405","N.P. SAYAJIGUNJ SCHOOL NO-23","VADODARA","WARD-7,FATEGUNJ,NAWAYARD,NEWSAMA","Gujarat","Local body","Primary with Upper Primary","390007"
"24191303003","NEW HEAVEN VIDYALAYA","VADODARA","VAGHODIA ROAD WARD-9","Gujarat","Private Unaided (Recognized)","Primary with Upper Primary","390019"
"24191302643","VIDYUT BOARD VIDYALAY (ENG)","VADODARA","WARD-6,SAYAJI-1,SAYAJI-8,SAYAJI-21","Gujarat","Private Unaided (Recognized)","Pri. with Upper Pri. Sec. and H.Sec.","390002"
"24191301450","AATMAN VIDHYALAY (GUJ.)","VADODARA","WARD-7,FATEGUNJ,NAWAYARD,NEWSAMA","Gujarat","Private Unaided (Recognized)","Pri. with Upper Pri. Sec. and H.Sec.","390007"
"24191301447","AATMAN VIDYALAYA (ENG.)","VADODARA","WARD-7,FATEGUNJ,NAWAYARD,NEWSAMA","Gujarat","Private Unaided (Recognized)","Pri. Upper Pri. and Secondary Only","390007"
"24191302656","VIDYUT BOARD VIDYALAY (GUJ)","VADODARA","WARD-6,SAYAJI-1,SAYAJI-8,SAYAJI-21","Gujarat","Government Aided","Secondary with Higher Secondary","390007"
"24191302637","VIDYUT BOARD VIDYALAY (GUJ)","VADODARA","WARD-6,SAYAJI-1,SAYAJI-8,SAYAJI-21","Gujarat","Private Unaided (Recognized)","Primary with Upper Primary","390007"
"24191304505","KIDZANIAA SCHOOL","VADODARA","SHAHER-16, SH-22, AJWAROAD","Gujarat","Private Unaided (Recognized)","Primary with Upper Primary","390025"
"24191302622","SHREE RANG VIDYALAY","VADODARA","WARD-6,SAYAJI-1,SAYAJI-8,SAYAJI-21","Gujarat","Private Unaided (Recognized)","Primary with Upper Primary","390019"
"24191304403","MAHARANI ENGLISH MEDIUM SCHOOL","VADODARA","RAOPURA","Gujarat","Private Unaided (Recognized)","Pri. with Upper Pri. Sec. and H.Sec.","390001"
"24191303016","NEW SUNRISE SCHOOL (ENG)","VADODARA","VAGHODIA ROAD WARD-9","Gujarat","Private Unaided (Recognized)","Primary","390012"
"24191303006","VANDANA VIDYALAYA","VADODARA","VAGHODIA ROAD WARD-9","Gujarat","Private Unaided (Recognized)","Primary with Upper Primary","390019"
"24191303011","VANDANA VIDYALAYA","VADODARA","VAGHODIA ROAD WARD-9","Gujarat","Government Aided","Secondary Only","390019"
"24191303009","HEAVEN VIDYALAYA","VADODARA","VAGHODIA ROAD WARD-9","Gujarat","Private Unaided (Recognized)","Secondary with Higher Secondary","390019"
"24191303001","NEW SUNRISE SCHOOL","VADODARA","VAGHODIA ROAD WARD-9","Gujarat","Private Unaided (Recognized)","Pri. Upper Pri. and Secondary Only","390019"
"24191304330","MAHARANI HIGH SCHOOL FOR GIRLS","VADODARA","RAOPURA -8, NAGARVADA, KOTHI","Gujarat","Government Aided","Secondary with Higher Secondary","390001"
"24191304320","MAHARANI HIGH SCHOOL FOR GIRLS","VADODARA","RAOPURA -8, NAGARVADA, KOTHI","Gujarat","Private Unaided (Recognized)","Primary with Upper Primary","390001"
"24191300722","SWAMI VIVIKANAND SCHOOL","VADODARA","GIDC,WARD-12,SINDHWAI MATA ROAD","Gujarat","Private Unaided (Recognized)","Pri. with Upper Pri. Sec. and H.Sec.","390025"
"24191304315","SREE KUSALCHAND K VIDYALAY","VADODARA","RAOPURA -8, NAGARVADA, KOTHI","Gujarat","Private Unaided (Recognized)","Primary with Upper Primary","390001"
"24191301420","SAURABH VIDYALAYA","VADODARA","WARD-7,FATEGUNJ,NAWAYARD,NEWSAMA","Gujarat","Private Unaided (Recognized)","Pri. with Upper Pri. Sec. and H.Sec.","390020"
"24191213213","BRILIANT SCHOOOL","VADODARA","VAGHODIYA","Gujarat","Private Unaided (Recognized)","Primary","391760"
"24191304513","MOTNATH VIDYALAYA","VADODARA","SHAHER-16, SH-22, AJWAROAD","Gujarat","Government Aided","Secondary with Higher Secondary","390019"
"24191302612","N.P. SAYAJIGUNJ SCHOOL NO-5","VADODARA","WARD-6,SAYAJI-1,SAYAJI-8,SAYAJI-21","Gujarat","Local body","Primary with Upper Primary","390020"
"24191304018","M.E.S.PRIMARY SCHOOL","VADODARA","EL WARD 8 FATEPURA -1","Gujarat","Private Unaided (Recognized)","Primary with Upper Primary","390006"
"24191305010","SHATIVAN VIDHYALAYA","VADODARA","SHAHER-22 , KISHANWADI","Gujarat","Government Aided","Secondary Only","390019"
"24191304605","ASHA SPECIAL EDUCATION CENTRE","VADODARA","VADODARA - 1","Gujarat","Private Unaided (Recognized)","Primary","390003"
"24191302904","ROZY ENGLISH MEDIUM SCHOOL","VADODARA","PANIGATE WARD-9","Gujarat","Private Unaided (Recognized)","Primary with Upper Primary","390019"
"24191302903","ROZY PRIMARY SCHOOL (GUJ.)","VADODARA","PANIGATE WARD-9","Gujarat","Private Unaided (Recognized)","Primary with Upper Primary","390016"
"24191300350","SHRI SARASWATI VIDYALAYA (GUJ)","VADODARA","BELBAG-7,PRTAPGNJ,FATEGNJ,NIZAMPURA","Gujarat","Private Unaided (Recognized)","Pri. Upper Pri. and Secondary Only","390004"
"24191304103","N.P. SHAHER SCHOOL NO-4","VADODARA","EL WARD 7 SHAHER - 3","Gujarat","Local body","Primary with Upper Primary","390006"
"24191304021","N.P. SHAHER SCHOOL NO-3","VADODARA","EL WARD 8 FATEPURA -1","Gujarat","Local body","Primary with Upper Primary","390006"
"24191302906","N.P. SHAHER SCHOOL NO-14","VADODARA","PANIGATE WARD-9","Gujarat","Local body","Primary with Upper Primary","390019"
"24191302908","N.P. SHAHER SCHOOL NO-16","VADODARA","PANIGATE WARD-9","Gujarat","Local body","Primary with Upper Primary","390019"
"24191303324","EDUNOVA SCIENCE HIGHER SECONDARY SCHOOL (ENG)","VADODARA","WARD-08, RAOPURA, KARELIBAUG","Gujarat","Private Unaided (Recognized)","Secondary with Higher Secondary","390022"
"24191303323","EDUNOVA SCIENCE HIGHER SECONDARY SCHOOL (GUJ)","VADODARA","WARD-08, RAOPURA, KARELIBAUG","Gujarat","Private Unaided (Recognized)","Higher Secondary only/Jr. College","390022"
"24191213207","UNNATI VIDHYALAYA","VADODARA","VAGHODIYA","Gujarat","Private Unaided (Recognized)","Pri. Upper Pri. and Secondary Only","391760"
"24191302614","N.P. SAYAJIGUNJ SCHOOL NO-12","VADODARA","WARD-6,SAYAJI-1,SAYAJI-8,SAYAJI-21","Gujarat","Local body","Primary with Upper Primary","390015"
"24191213202","VAGHODIYA KANYA SHALA NO 2","VADODARA","VAGHODIYA","Gujarat","Local body","Primary with Upper Primary","391760"
"24191101402","BAPOD PRI.SCH.","VADODARA","BAPOD","Gujarat","Local body","Primary with Upper Primary","390019"
"24191213218","WAGHODIYA ENGLISH SCH","VADODARA","VAGHODIYA","Gujarat","Local body","Primary","391760"
"24191301613","D R AMIN MEMORIAL SCHOOL (CBSE)","VADODARA","WARD-11,GERI,VASANA,GOTRI","Gujarat","Private Unaided (Recognized)","Pri. with Upper Pri. Sec. and H.Sec.","390015"
"24191213402","GHODADARA PRI. SCH.","VADODARA","GHODARA","Gujarat","Local body","Primary with Upper Primary","391760"
"24191303907","ADARSH PRIMARY HINDI VIDHYALAYA","VADODARA","SAYAJIGUNJ 1, ALKAPURI, KADAKBAZAR","Gujarat","Private Unaided (Recognized)","Primary with Upper Primary","390005"
"24191303325","MCCT KARISHMA SPECIAL SCHOOL","VADODARA","WARD-08, RAOPURA, KARELIBAUG","Gujarat","Private Unaided (Recognized)","Primary","390018"
"24191213214","SURYODAY VIDHYALAYA","VADODARA","VAGHODIYA","Gujarat","Private Unaided (Recognized)","Primary with Upper Primary","391710"
"24191100801","AMPAD PRI.SCH.","VADODARA","AMPAD","Gujarat","Local body","Primary with Upper Primary","391101"
"24191213201","VAGHODIYA KUMAR SHALA","VADODARA","VAGHODIYA","Gujarat","Local body","Primary with Upper Primary","391760"
"24191302911","N.P. SHAHER SCHOOL NO-25","VADODARA","PANIGATE WARD-9","Gujarat","Local body","Primary with Upper Primary","390019"
"24191302909","N.P. SHAHER SCHOOL NO-22","VADODARA","PANIGATE WARD-9","Gujarat","Local body","Primary with Upper Primary","390019"
"24191304033","M.E.S ENGLISH MEDIUM SCHOOL (ENG)","VADODARA","EL WARD 8 FATEPURA -1","Gujarat","Private Unaided (Recognized)","Primary","390012"
"24191301448","GAUTAM PRIMARY SCHOOL","VADODARA","WARD-7,FATEGUNJ,NAWAYARD,NEWSAMA","Gujarat","Private Unaided (Recognized)","Primary with Upper Primary","390015"
"24191302928","SARDAR VALLABHABHAI VIDYALAYA","VADODARA","PANIGATE WARD-9","Gujarat","Private Unaided (Recognized)","Primary with Upper Primary","390019"
"24191302934","SARDAR VALLABHABHAI VIDYALAYA","VADODARA","PANIGATE WARD-9","Gujarat","Government Aided","Secondary with Higher Secondary","390019"
"24191304310","N.P. RAOPURA SCHOOL NO-5","VADODARA","RAOPURA -8, NAGARVADA, KOTHI","Gujarat","Local body","Primary with Upper Primary","390001"
"24191304311","N.P. RAOPURA SCHOOL NO 11","VADODARA","RAOPURA -8, NAGARVADA, KOTHI","Gujarat","Local body","Primary with Upper Primary","390001"
"24191213203","VAGHODIYA SHALA NO 3","VADODARA","VAGHODIYA","Gujarat","Local body","Primary with Upper Primary","391760"
"24191303201","PARIVAR VIDHYALAYA (ENG)","VADODARA","WARD-09,PANIGATE","Gujarat","Private Unaided (Recognized)","Pri. with Upper Pri. Sec. and H.Sec.","390019"
"24191211901","SHREE POR TIMBI PRI.SCH.","VADODARA","SHREE POR TIMBI","Gujarat","Local body","Primary","390019"
"24191303002","PARIVAR VIDHYALAYA (GUJ)","VADODARA","VAGHODIA ROAD WARD-9","Gujarat","Private Unaided (Recognized)","Pri. with Upper Pri. Sec. and H.Sec.","390019"
"24191304327","SHREE KRUSHNA HINDI VIDHYALAY(GUJ)","VADODARA","RAOPURA -8, NAGARVADA, KOTHI","Gujarat","Private Unaided (Recognized)","Primary with Upper Primary","390018"
"24191304335","SHREE KRUSHNA HINDI VIDHYALAY(GUJ)","VADODARA","RAOPURA -8, NAGARVADA, KOTHI","Gujarat","Government Aided","Secondary with Higher Secondary","390018"
"24191304339","M.C.HIGH SCHOOL (ENG)","VADODARA","RAOPURA -8, NAGARVADA, KOTHI","Gujarat","Private Unaided (Recognized)","Primary",""
"24191301404","SWAMINARAYAN VIDYALAY","VADODARA","WARD-7,FATEGUNJ,NAWAYARD,NEWSAMA","Gujarat","Private Unaided (Recognized)","Pri. Upper Pri. and Secondary Only","390021"
"24191304317","M. C. HIGHSCHOOL","VADODARA","RAOPURA -8, NAGARVADA, KOTHI","Gujarat","Private Unaided (Recognized)","Primary with Upper Primary","390001"
"24191304001","N.P. SHAHER SCHOOL NO-1","VADODARA","EL WARD 8 FATEPURA -1","Gujarat","Local body","Primary with Upper Primary","390006"
"24191305902","SHREE VALLABH VIDHYALAY","VADODARA","WARD NO 5 AAJVA ROAD SHAER -16","Gujarat","Private Unaided (Recognized)","Primary with Upper Primary","390014"
"24191305907","SHREE VALLABH VIDHYALAY","VADODARA","WARD NO 5 AAJVA ROAD SHAER -16","Gujarat","Private Unaided (Recognized)","Higher Secondary only/Jr. College","390019"
"24191305906","SHREE VALLABH VIDHYALAY","VADODARA","WARD NO 5 AAJVA ROAD SHAER -16","Gujarat","Government Aided","Secondary Only","390019"
"24191304105","N.P. SHAHER SCHOOL NO 2","VADODARA","EL WARD 7 SHAHER - 3","Gujarat","Local body","Primary with Upper Primary","390006"
"24191208101","MOTI MANEKPUR PRI.SCH.","VADODARA","MOTI MANEKPUR","Gujarat","Local body","Primary with Upper Primary","391761"
"24191304029","VINAY VIDYALAYA","VADODARA","EL WARD 8 FATEPURA -1","Gujarat","Government Aided","Secondary with Higher Secondary","390006"
"24191304020","VINAY VIDYALAYA","VADODARA","EL WARD 8 FATEPURA -1","Gujarat","Private Unaided (Recognized)","Primary with Upper Primary","390011"
"24191213217","Dr.N.G.SHAH VIDHYALAY","VADODARA","VAGHODIYA","Gujarat","Private Unaided (Recognized)","Secondary Only","391760"
"24191213210","Dr.N.G.Shah Sarvajanik High School","VADODARA","VAGHODIYA","Gujarat","Government Aided","Secondary with Higher Secondary","391760"
"24191301417","THE M. E. S. PRIMARY SCHOOL","VADODARA","WARD-7,FATEGUNJ,NAWAYARD,NEWSAMA","Gujarat","Private Unaided (Recognized)","Primary with Upper Primary","390001"
"24191108101","MAHAPURA PRI.SCH.","VADODARA","MAHAPURA","Gujarat","Local body","Primary with Upper Primary","391101"
"24191100501","AANKHOL PRI.SCH.","VADODARA","AANKHOL","Gujarat","Local body","Primary with Upper Primary","390019"
"24191213204","CHANDULAL M SHAH VINAY MANDIR","VADODARA","VAGHODIYA","Gujarat","Private Unaided (Recognized)","Primary with Upper Primary","391760"
"24191303303","N.P. RAOPURA SCHOOL NO-7","VADODARA","WARD-08, RAOPURA, KARELIBAUG","Gujarat","Local body","Primary with Upper Primary","390001"
"24191213208","Govt Highsecondary school ( Sci Stream )","VADODARA","VAGHODIYA","Gujarat","Department of Education","Higher Secondary only/Jr. College","391760"
"24191304305","N.P. RAOPURA SCHOOL NO-10","VADODARA","RAOPURA -8, NAGARVADA, KOTHI","Gujarat","Local body","Primary with Upper Primary","390001"
"24191302929","M E S BOY'S HIGH SCHOOL","VADODARA","PANIGATE WARD-9","Gujarat","Government Aided","Secondary with Higher Secondary","390006"
"24191304301","THE SHARADA MANDIR HIGH SCHOOL","VADODARA","RAOPURA -8, NAGARVADA, KOTHI","Gujarat","Private Unaided (Recognized)","Primary with Upper Primary","390001"
"24191304328","THE SHARADA MANDIR HIGH SCHOOL","VADODARA","RAOPURA -8, NAGARVADA, KOTHI","Gujarat","Private Unaided (Recognized)","Secondary with Higher Secondary","390001"
"24191305123","DR.THAKORBHAI V PATEL PUBLIC SCHOOL","VADODARA","WARD-6, BABAJIPURA-17","Gujarat","Private Unaided (Recognized)","Primary with Upper Primary","390018"
"24191213401","VASVEL PRI SCHOOL","VADODARA","VASVEL","Gujarat","Local body","Primary with Upper Primary","391760"
"24191306101","M E S PRIMARY SCHOOL","VADODARA","WARD NO 14 AKOTA BABAJIPURA -17","Gujarat","Private Unaided (Recognized)","Pri. Upper Pri. and Secondary Only","390015"
"24191304325","JEEVAN SADHANA (GUJ)","VADODARA","RAOPURA -8, NAGARVADA, KOTHI","Gujarat","Private Unaided (Recognized)","Primary with Upper Primary","390001"
"24191304333","JEEVAN SADHANA (GUJ)","VADODARA","RAOPURA -8, NAGARVADA, KOTHI","Gujarat","Government Aided","Secondary with Higher Secondary","390001"
"24191304319","SARKARI KARYALAYABHAV EDC.SCH","VADODARA","RAOPURA -8, NAGARVADA, KOTHI","Gujarat","Local body","Primary with Upper Primary","390007"
"24191213205","BHULKA BHAVAN VIDYLAYA","VADODARA","VAGHODIYA","Gujarat","Private Unaided (Recognized)","Pri. Upper Pri. and Secondary Only","391760"
"24191303910","SHREE PRATAP HIGH SCHOOL","VADODARA","SAYAJIGUNJ 1, ALKAPURI, KADAKBAZAR","Gujarat","Government Aided","Secondary with Higher Secondary","390005"
"24191303905","PRATAP PRIMARY SCHOOL","VADODARA","SAYAJIGUNJ 1, ALKAPURI, KADAKBAZAR","Gujarat","Private Unaided (Recognized)","Primary with Upper Primary","390005"
"24191302611","N.P. SAYAJIGUNJ SCHOOL NO-1","VADODARA","WARD-6,SAYAJI-1,SAYAJI-8,SAYAJI-21","Gujarat","Local body","Primary with Upper Primary","390020"
"24191303805","N.P. SAYAJIGUNJ SCHOOL NO-3","VADODARA","SAYAJIGUNJ 10, CHHANIROAD","Gujarat","Local body","Primary with Upper Primary","390005"
"24191301431","N.P. SAYAJIGUNJ SCHOOL NO-50","VADODARA","WARD-7,FATEGUNJ,NAWAYARD,NEWSAMA","Gujarat","Local body","Primary with Upper Primary","390005"
"24191213206","SWAMI NARAYAN PRI SCHOOL","VADODARA","VAGHODIYA","Gujarat","Private Unaided (Recognized)","Pri. with Upper Pri. Sec. and H.Sec.","391760"
"24191213211","CRYSTAL PUBLIC SCHOOL","VADODARA","VAGHODIYA","Gujarat","Private Unaided (Recognized)","Primary with Upper Primary","391760"
"24191213403","BHAGAPURA PRI. SCH.","VADODARA","VASVEL","Gujarat","Local body","Primary","391760"
"24191301460","LOTUS INTERNATIONAL SCHOOL","VADODARA","WARD-7,FATEGUNJ,NAWAYARD,NEWSAMA","Gujarat","Private Unaided (Recognized)","Primary","390021"
"24191303615","C. K. PRAJAPATI HIGH SCHOOL ( ENG)","VADODARA","GORWA J (10)","Gujarat","Private Unaided (Recognized)","Secondary with Higher Secondary","390016"
"24191304329","THE M. C. HIGH SCHOOL","VADODARA","RAOPURA -8, NAGARVADA, KOTHI","Gujarat","Government Aided","Secondary with Higher Secondary","390001"
"24191305008","DADI CHAINANI ENGLISH MEDIUM SCHOOL","VADODARA","SHAHER-22 , KISHANWADI","Gujarat","Private Unaided (Recognized)","Primary with Upper Primary","390006"
"24191303205","ST. ROOSEVELT PUBLIC SCHOOL (ENG MED)","VADODARA","WARD-09,PANIGATE","Gujarat","Private Unaided (Recognized)","Pri. with Upper Pri. Sec. and H.Sec.","390006"
"24191303204","ST. ROOSEVELT PUBLIC SCHOOL (GUJ MED)","VADODARA","WARD-09,PANIGATE","Gujarat","Private Unaided (Recognized)","Pri. with Upper Pri. Sec. and H.Sec.","390006"
"24191303010","MAHRSI SHREE ARVIND VIDYALAY","VADODARA","VAGHODIA ROAD WARD-9","Gujarat","Government Aided","Secondary Only","390019"
"24191303005","MAHRSI SHREE ARVIND VIDYALAY","VADODARA","VAGHODIA ROAD WARD-9","Gujarat","Private Unaided (Recognized)","Primary with Upper Primary","390019"
"24191304902","SAHAKAR VIDHAYALAY","VADODARA","SAYAJI-21, GOTRI","Gujarat","Private Unaided (Recognized)","Primary with Upper Primary","390021"
"24191304907","SAHAKAR VIDHAYALAY","VADODARA","SAYAJI-21, GOTRI","Gujarat","Government Aided","Secondary Only","390021"
"24191302652","BARODA HIGH SCHOOL JR.-2","VADODARA","WARD-6,SAYAJI-1,SAYAJI-8,SAYAJI-21","Gujarat","Government Aided","Secondary with Higher Secondary","390005"
"24191304004","N. P. FATEPURA SCHOOL NO 13","VADODARA","EL WARD 8 FATEPURA -1","Gujarat","Local body","Primary with Upper Primary","390006"
"24191304016","N.P. FATEPURA SCHOOL NO-10","VADODARA","EL WARD 8 FATEPURA -1","Gujarat","Local body","Primary with Upper Primary","390006"
"24191301621","HUDA  SCHOOL GUJARATI","VADODARA","WARD-11,GERI,VASANA,GOTRI","Gujarat","Private Unaided (Recognized)","Pri. Upper Pri. and Secondary Only","390012"
"24191304006","N.P. FATEPURA SCHOOL NO-16","VADODARA","EL WARD 8 FATEPURA -1","Gujarat","Local body","Primary with Upper Primary","390006"
"24191304005","N.P. FATEPURA SCHOOL NO-15","VADODARA","EL WARD 8 FATEPURA -1","Gujarat","Local body","Primary with Upper Primary","390006"
"24191204201","GULAB PURA PRI.SCH.","VADODARA","AALVA","Gujarat","Local body","Primary","391760"
"24191304011","N.P. FATEPURA SCHOOL NO-1","VADODARA","EL WARD 8 FATEPURA -1","Gujarat","Local body","Primary with Upper Primary","390006"
"24191208401","NARMAD PURA PRI.SCH.","VADODARA","PAVALEPUR","Gujarat","Local body","Primary with Upper Primary","391760"
"24191304202","N.P. FATEPURA SCHOOL NO-2","VADODARA","EL WARD 7 FATEPURA -1","Gujarat","Local body","Primary with Upper Primary","390006"
"24190209316","BAMBOJ PRIMARY SCHOOL","VADODARA","SIMLIYA","Gujarat","Local body","Primary","391761"
"24190205409","NATIONAL PUBLIC SCHOOL ENGLISH MEDIUM","VADODARA","KUNDHELA","Gujarat","Private Unaided (Recognized)","Primary with Upper Primary","391107"
"24190205408","NATIONAL PUBLIC SCHOOL GUJARATI MEDIUM","VADODARA","KUNDHELA","Gujarat","Private Unaided (Recognized)","Primary with Upper Primary","391107"
"24191110101","RAJUPURA PRI.SCH.","VADODARA","SINDHROT","Gujarat","Local body","Primary","391330"
"24191303416","EDUNOVA SCIENCE HIGHER SECONDARY SCHOOL (GUJ)","VADODARA","WARD-08, NEW VIP ROAD","Gujarat","Private Unaided (Recognized)","Secondary with Higher Secondary","390011"
"24191303417","EDUNOVA SCIENCE HIGHER SECONDARY SCHOOL (ENGLISH)","VADODARA","WARD-08, NEW VIP ROAD","Gujarat","Private Unaided (Recognized)","Secondary with Higher Secondary","390011"
"24191302914","N.P. SHAHER SCHOOL NO-28","VADODARA","PANIGATE WARD-9","Gujarat","Local body","Primary with Upper Primary","390019"
"24191302915","N.P. SHAHER SCHOOL NO-29","VADODARA","PANIGATE WARD-9","Gujarat","Local body","Primary with Upper Primary","390019"
"24191301312","UNIVERSITY EXPERIMENTAL SCHOOL (ENG)","VADODARA","WARD-7,FATEGANJ,NAVAYARD,NEWSAMA","Gujarat","Private Unaided (Recognized)","Pri. with Upper Pri. Sec. and H.Sec.","390002"
"24191301121","VIDYA MANDIR VIDHYALAYA (ENG)","VADODARA","EL WARD 3 FATEPURA- 1","Gujarat","Private Unaided (Recognized)","Pri. with Upper Pri. Sec. and H.Sec.","390019"
"24191301307","UNIVERSITY EXPERIMENTAL SCHOOL (GUJ)","VADODARA","WARD-7,FATEGANJ,NAVAYARD,NEWSAMA","Gujarat","Private Unaided (Recognized)","Primary with Upper Primary","390016"
"24191200501","AALVA PRI.SCH.","VADODARA","AALVA","Gujarat","Local body","Primary with Upper Primary","391760"
"24191213407","MUVADA PRI. SCH.","VADODARA","GHODARA","Gujarat","Local body","Primary","391760"
"24191304023","HARI SHEWA GIRIL'S VIDYALAYA (GUJ.)","VADODARA","EL WARD 8 FATEPURA -1","Gujarat","Private Unaided (Recognized)","Pri. Upper Pri. and Secondary Only","390006"
"24191301602","N.P. SAYAJIGUNJ SCHOOL NO-21","VADODARA","WARD-11,GERI,VASANA,GOTRI","Gujarat","Local body","Primary with Upper Primary","390021"
"24191301603","N.P. SAYAJIGUNJ SCHOOL NO 41","VADODARA","WARD-11,GERI,VASANA,GOTRI","Gujarat","Local body","Primary with Upper Primary","390021"
"24191304022","HARI SHEWA ISHWARIBAI BUXANI ENG. ACADEMY","VADODARA","EL WARD 8 FATEPURA -1","Gujarat","Private Unaided (Recognized)","Pri. with Upper Pri. Sec. and H.Sec.","390006"
"24191207701","MADODHAR PRI SCH","VADODARA","MADODHAR","Gujarat","Local body","Primary with Upper Primary","391760"
"24191301604","N.P. SAYAJIGUNJ SCHOOL NO-18","VADODARA","WARD-11,GERI,VASANA,GOTRI","Gujarat","Local body","Primary with Upper Primary","390023"
"24191301102","VIDHYA MANDIR  VIDHYALAY (GUJ)","VADODARA","EL WARD 3 FATEPURA- 1","Gujarat","Private Unaided (Recognized)","Pri. with Upper Pri. Sec. and H.Sec.","390019"
"24191301701","GAYATRI VIDYALAYA (GUJ.)","VADODARA","SAYAJI-6, PARASI-AGIYARI","Gujarat","Private Unaided (Recognized)","Primary with Upper Primary","390021"
"24191301706","GAYATRI VIDYALAYA (GUJ.)","VADODARA","SAYAJI-6, PARASI-AGIYARI","Gujarat","Government Aided","Secondary with Higher Secondary","390021"
"24191304803","SHRI AADARSH PRIMARY SCHOOL (GUJ.)","VADODARA","EL WARD 7 FATEPURA - 1","Gujarat","Private Unaided (Recognized)","Primary with Upper Primary","390006"
"24191304901","SHANNEN THE WORLD SCHOOL","VADODARA","SAYAJI-21, GOTRI","Gujarat","Private Unaided (Recognized)","Primary with Upper Primary","390021"
"24191300206","SHREE VIDHYAMANDIR VIDHYYALAYA (ENG)","VADODARA","SHUBHANPURA-10,GORWA,VADIVADI","Gujarat","Private Unaided (Recognized)","Pri. with Upper Pri. Sec. and H.Sec.","390023"
"24191301702","K.R.GAYATRI VIDYALAYA","VADODARA","SAYAJI-6, PARASI-AGIYARI","Gujarat","Private Unaided (Recognized)","Primary with Upper Primary","390015"
"24191301451","KUNAL VIDYALAYA","VADODARA","WARD-7,FATEGUNJ,NAWAYARD,NEWSAMA","Gujarat","Government Aided","Secondary Only","390021"
"24191301409","KUNAL VIDYALAYA","VADODARA","WARD-7,FATEGUNJ,NAWAYARD,NEWSAMA","Gujarat","Private Unaided (Recognized)","Primary with Upper Primary","390021"
"24191301459","KUNAL VIDYALAYA","VADODARA","WARD-7,FATEGUNJ,NAWAYARD,NEWSAMA","Gujarat","Private Unaided (Recognized)","Higher Secondary only/Jr. College","390021"
"24191112204","NALANDA INTERNATIONAL","VADODARA","MAHAPURA","Gujarat","Private Unaided (Recognized)","Pri. with Upper Pri. Sec. and H.Sec.","391101"
"24191305002","SHREE GANESH VIDYALAYA","VADODARA","SHAHER-22 , KISHANWADI","Gujarat","Private Unaided (Recognized)","Pri. with Upper Pri. Sec. and H.Sec.","390006"
"24191301619","C H VIDYALAYA","VADODARA","WARD-11,GERI,VASANA,GOTRI","Gujarat","Government Aided","Secondary with Higher Secondary","390023"
"24191301607","C H VIDYALAYA","VADODARA","WARD-11,GERI,VASANA,GOTRI","Gujarat","Private Unaided (Recognized)","Primary with Upper Primary","390023"
"24191201301","ASHA PRI.SCH.","VADODARA","ASHA","Gujarat","Local body","Primary","391760"
"24191304026","SARDAR VINAY MANDIR","VADODARA","EL WARD 8 FATEPURA -1","Gujarat","Private Unaided (Recognized)","Primary with Upper Primary","390018"
"24191304031","SARDAR VINAY MANDIR","VADODARA","EL WARD 8 FATEPURA -1","Gujarat","Government Aided","Secondary with Higher Secondary","390018"
"24191305004","GURUKUL VIDHYALAYA","VADODARA","SHAHER-22 , KISHANWADI","Gujarat","Private Unaided (Recognized)","Pri. with Upper Pri. Sec. and H.Sec.","390006"
"24191305017","KAVI DULA KAG PRI SCHOOL (ENG)","VADODARA","SHAHER-22 , KISHANWADI","Gujarat","Local body","Primary","390015"
"24191305009","N.P. SHAHER SCHOOL NO 31","VADODARA","SHAHER-22 , KISHANWADI","Gujarat","Local body","Primary with Upper Primary","390006"
"24191304322","SHREE JALARAM VIDYALAYA","VADODARA","RAOPURA -8, NAGARVADA, KOTHI","Gujarat","Private Unaided (Recognized)","Pri. with Upper Pri. Sec. and H.Sec.","390018"
"24191302647","BARODA LIONS SCHOOL","VADODARA","WARD-6,SAYAJI-1,SAYAJI-8,SAYAJI-21","Gujarat","Private Unaided (Recognized)","Secondary with Higher Secondary","390005"
"24191305018","GURUKUL VIDYALAYA","VADODARA","SHAHER-22 , KISHANWADI","Gujarat","Private Unaided (Recognized)","Pri. with Upper Pri. Sec. and H.Sec.",""
"24191301127","ANAND VIDYA VIHAR","VADODARA","EL WARD 3 FATEPURA- 1","Gujarat","Private Unaided (Recognized)","Pri. with Upper Pri. Sec. and H.Sec.","390023"
"24191301210","JIVANDHARA VIDHYALAY","VADODARA","WARD-10,VADIVADI,GORAVA,CHHANI","Gujarat","Private Unaided (Recognized)","Primary with Upper Primary","390024"
"24191301601","N.P. SAYAJIGUNJ SCHOOL NO-45","VADODARA","WARD-11,GERI,VASANA,GOTRI","Gujarat","Local body","Primary with Upper Primary","390021"
"24191201402","BAKROL N V P S","VADODARA","BARKOL","Gujarat","Local body","Primary","391760"
"24191303909","M K HIGH SCHOOL (ENG)","VADODARA","SAYAJIGUNJ 1, ALKAPURI, KADAKBAZAR","Gujarat","Government Aided","Secondary with Higher Secondary","390007"
"24191305012","SHRI ADARSH SHALA","VADODARA","SHAHER-22 , KISHANWADI","Gujarat","Private Unaided (Recognized)","Secondary with Higher Secondary","390006"
"24191303908","M K HIGH SCHOOL (GUJ)","VADODARA","SAYAJIGUNJ 1, ALKAPURI, KADAKBAZAR","Gujarat","Government Aided","Secondary Only","390007"
"24191302933","Smt. K. B. PARIKH HIGHSCHOOL","VADODARA","PANIGATE WARD-9","Gujarat","Government Aided","Secondary Only","390019"
"24191302925","Smt. K. B. PARIKH HIGHSCHOOL","VADODARA","PANIGATE WARD-9","Gujarat","Private Unaided (Recognized)","Primary with Upper Primary","390019"
"24191301609","HIMGIRI SCHOOL","VADODARA","WARD-11,GERI,VASANA,GOTRI","Gujarat","Private Unaided (Recognized)","Pri. Upper Pri. and Secondary Only","390023"
"24191306803","SHREE KRUSHNA HINDI VIDHYALAY","VADODARA","WARD NO 9 RAVPURA 1","Gujarat","Private Unaided (Recognized)","Higher Secondary only/Jr. College",""
"24191213406","ROZIYAPURA PRI. SCH.","VADODARA","GORAJ","Gujarat","Local body","Primary","391760"
"24191306702","NEW ERA PRATHAMIK KANYA VIDYALAY","VADODARA","WARD NO 3 RAVPURA 1","Gujarat","Private Unaided (Recognized)","Primary with Upper Primary","390001"
"24191303904","M K HIGHER PRIMARY SCHOOL","VADODARA","SAYAJIGUNJ 1, ALKAPURI, KADAKBAZAR","Gujarat","Private Unaided (Recognized)","Upper Primary only","390007"
"24191306802","SHREE KRUSHNA HINDI VIDHYALAY","VADODARA","WARD NO 9 RAVPURA 1","Gujarat","Government Aided","Secondary with Higher Secondary","390018"
"24191306801","SHREE KRUSHNA HINDI VIDHYALAY","VADODARA","WARD NO 9 RAVPURA 1","Gujarat","Private Unaided (Recognized)","Primary with Upper Primary","390018"
"24191303316","SWAMI VIVEKANAND VIDYALAYA","VADODARA","WARD-08, RAOPURA, KARELIBAUG","Gujarat","Government Aided","Secondary with Higher Secondary","390018"
"24191100804","GLOBAL DISCOVERY SCHOOL","VADODARA","AMPAD","Gujarat","Private Unaided (Recognized)","Pri. Upper Pri. and Secondary Only","391101"
"24191112201","SEVASI PRI.SCH.","VADODARA","SEVASI","Gujarat","Local body","Primary with Upper Primary","391101"
"24191213220","SHREE SWAMI GOVINDDEVGIRI VED SANSKRUT PATHSHALA","VADODARA","VAGHODIYA","Gujarat","Private Unaided (Recognized)","Secondary Only","391760"
"24191303504","N.P. SAYAJIGUNJ SCHOOL NO-10","VADODARA","SUBHANPURA-10, LAXMIPURA, ALEMBIC","Gujarat","Local body","Primary with Upper Primary","390007"
"24191301109","SHREE NARAYAN VIDHYALAY (GUJ)","VADODARA","EL WARD 3 FATEPURA- 1","Gujarat","Private Unaided (Recognized)","Primary with Upper Primary","390006"
"24191301108","SHREE NARAYAN VIDHYALAY (ENG)","VADODARA","EL WARD 3 FATEPURA- 1","Gujarat","Private Unaided (Recognized)","Primary with Upper Primary","390006"
"24191211503","EKLAVYA MODEL RESIDENTIAL SCHOOL","VADODARA","SANGADOL","Gujarat","Tribal Welfare Department","Upper Pri. Secondary and Higher Sec","391760"
"24191304909","S.G.SCHOOL OF SCIENCE AND COMMERCE (ENG)","VADODARA","SAYAJI-21, GOTRI","Gujarat","Private Unaided (Recognized)","Secondary with Higher Secondary","390023"
"24191301402","N.P. SAYAJIGUNJ SCHOOL NO-24","VADODARA","WARD-7,FATEGUNJ,NAWAYARD,NEWSAMA","Gujarat","Local body","Primary with Upper Primary","390007"
"24191301403","N.P. SAYAJIGUNJ SCHOOL NO-49","VADODARA","WARD-7,FATEGUNJ,NAWAYARD,NEWSAMA","Gujarat","Local body","Primary with Upper Primary","390007"
"24191301606","SHRI RANG AVDHOOT VIDHYALAY","VADODARA","WARD-11,GERI,VASANA,GOTRI","Gujarat","Private Unaided (Recognized)","Pri. with Upper Pri. Sec. and H.Sec.","390021"
"24191302926","N.P. SHAHER SCHOOL NO-27","VADODARA","PANIGATE WARD-9","Gujarat","Local body","Primary with Upper Primary","390019"
"24191302907","N.P. SHAHER SCHOOL NO-15","VADODARA","PANIGATE WARD-9","Gujarat","Local body","Primary with Upper Primary","390019"
"24191301413","UTKARSH VIDYALAYA","VADODARA","WARD-7,FATEGUNJ,NAWAYARD,NEWSAMA","Gujarat","Private Unaided (Recognized)","Primary with Upper Primary","390015"
"24191301452","UTKARSH VIDYALAYA","VADODARA","WARD-7,FATEGUNJ,NAWAYARD,NEWSAMA","Gujarat","Government Aided","Secondary with Higher Secondary","390015"
"24191203802","VIVEKANANAD U.U BUNIYADI VIDHALAY","VADODARA","GORAJ","Gujarat","Government Aided","Secondary with Higher Secondary","391760"
"24191302606","BARODA HIGH SCHOOL","VADODARA","WARD-6,SAYAJI-1,SAYAJI-8,SAYAJI-21","Gujarat","Private Unaided (Recognized)","Primary with Upper Primary","390005"
"24191305014","RAGHUKUL VIDYALAY (ENG)","VADODARA","SHAHER-22 , KISHANWADI","Gujarat","Private Unaided (Recognized)","Primary with Upper Primary","390019"
"24191301408","THE MOTHER'S SCHOOL","VADODARA","WARD-7,FATEGUNJ,NAWAYARD,NEWSAMA","Gujarat","Private Unaided (Recognized)","Pri. with Upper Pri. Sec. and H.Sec.","390021"
"24191304332","ARYA KANYA VIDHAYALAY","VADODARA","RAOPURA -8, NAGARVADA, KOTHI","Gujarat","Government Aided","Secondary with Higher Secondary","390018"
"24191304324","ARYA KANYA VIDHAYALAY","VADODARA","RAOPURA -8, NAGARVADA, KOTHI","Gujarat","Private Unaided (Recognized)","Primary with Upper Primary","390018"
"24191303523","RANGOLI PRIMARY SCHOOL (ENG)","VADODARA","SUBHANPURA-10, LAXMIPURA, ALEMBIC","Gujarat","Private Unaided (Recognized)","Primary","390012"
"24191304201","N.P. FATEPURA SCHOOL NO-9","VADODARA","EL WARD 7 FATEPURA -1","Gujarat","Local body","Primary with Upper Primary","390006"
"24191301110","THE NEW HORIZON SCHOOL (GUJ)","VADODARA","EL WARD 3 FATEPURA- 1","Gujarat","Private Unaided (Recognized)","Pri. with Upper Pri. Sec. and H.Sec.","390022"
"24191304008","N.P. FATEPURA SCHOOL NO-19","VADODARA","EL WARD 8 FATEPURA -1","Gujarat","Local body","Primary with Upper Primary","390006"
"24191301622","PERIWINKLE SCHOOL (ENG)","VADODARA","WARD-11,GERI,VASANA,GOTRI","Gujarat","Private Unaided (Recognized)","Primary","390011"
"24191305015","SHREE RAGHUKUL VIDYALAY (ENG)","VADODARA","SHAHER-22 , KISHANWADI","Gujarat","Private Unaided (Recognized)","Secondary Only","390019"
"24191305013","SHREE RAGHUKUL VIDYALAYA","VADODARA","SHAHER-22 , KISHANWADI","Gujarat","Private Unaided (Recognized)","Secondary with Higher Secondary","390019"
"24191112207","AKSHAR PUBLIC SCHOOL ENG","VADODARA","SEVASI","Gujarat","Private Unaided (Recognized)","Pri. with Upper Pri. Sec. and H.Sec.","291101"
"24191303516","TEJAS VIDYALAYA","VADODARA","SUBHANPURA-10, LAXMIPURA, ALEMBIC","Gujarat","Private Unaided (Recognized)","Pri. with Upper Pri. Sec. and H.Sec.","390023"
"24191304334","JEEVAN SADHANA (ENG)","VADODARA","RAOPURA -8, NAGARVADA, KOTHI","Gujarat","Government Aided","Secondary Only","390001"
"24191304336","JEEVAN SADHANA (ENG)","VADODARA","RAOPURA -8, NAGARVADA, KOTHI","Gujarat","Private Unaided (Recognized)","Higher Secondary only/Jr. College","390001"
"24191304326","JEEVAN SADHANA (ENG)","VADODARA","RAOPURA -8, NAGARVADA, KOTHI","Gujarat","Private Unaided (Recognized)","Primary with Upper Primary","390001"
"24191303902","HIMGIRA VIDYALAYA ENGG.MD.","VADODARA","SAYAJIGUNJ 1, ALKAPURI, KADAKBAZAR","Gujarat","Private Unaided (Recognized)","Primary with Upper Primary","390007"
"24191302655","JIVAN BARTI VIDYALAY","VADODARA","WARD-6,SAYAJI-1,SAYAJI-8,SAYAJI-21","Gujarat","Government Aided","Secondary with Higher Secondary","390018"
"24191302636","JIVAN BARTI VIDYALAY","VADODARA","WARD-6,SAYAJI-1,SAYAJI-8,SAYAJI-21","Gujarat","Private Unaided (Recognized)","Primary with Upper Primary","390018"
"24191301135","THE NEW HORIZON SCHOOL (ENG)","VADODARA","EL WARD 3 FATEPURA- 1","Gujarat","Private Unaided (Recognized)","Pri. with Upper Pri. Sec. and H.Sec.","390017"
"24191112205","SEVASI HIGH SCHOOL (1 TO 8)","VADODARA","SEVASI","Gujarat","Private Unaided (Recognized)","Primary with Upper Primary","391101"
"24191112206","SEVASI HIGH SCHOOL (11 TO 12)","VADODARA","SEVASI","Gujarat","Private Unaided (Recognized)","Higher Secondary only/Jr. College","391101"
"24191112203","SEVASI HIGH SCHOOL (9 TO 10)","VADODARA","SEVASI","Gujarat","Government Aided","Secondary Only","391101"
"24191112101","SAYAJIPURA PRI.SCH.","VADODARA","SAYAJIPURA","Gujarat","Local body","Primary with Upper Primary","390019"
"24191305003","SHREE G N PATEL VIDYALAYA","VADODARA","SHAHER-22 , KISHANWADI","Gujarat","Private Unaided (Recognized)","Pri. Upper Pri. and Secondary Only","390019"
"24191305016","SHREE G N PATEL VIDYALAYA (ENG)","VADODARA","SHAHER-22 , KISHANWADI","Gujarat","Private Unaided (Recognized)","Primary with Upper Primary","390019"
"24191305001","RAGHUKUL VIDYALAYA","VADODARA","SHAHER-22 , KISHANWADI","Gujarat","Private Unaided (Recognized)","Primary with Upper Primary","390019"
"24191303609","SHAISHAV SCHOOL","VADODARA","GORWA J (10)","Gujarat","Private Unaided (Recognized)","Pri. with Upper Pri. Sec. and H.Sec.","390018"
"24191301617","BENJAMIN WORLD SCHOOL","VADODARA","WARD-11,GERI,VASANA,GOTRI","Gujarat","Private Unaided (Recognized)","Pri. Upper Pri. and Secondary Only","390021"
"24191303618","SHAISHAV SCHOOL (CBSE)","VADODARA","GORWA J (10)","Gujarat","Private Unaided (Recognized)","Primary with Upper Primary","390010"
"24191305217","ROSARY HIGH SCHOOL (GUJ)","VADODARA","SAYAJI GANJ WARD- 6","Gujarat","Government Aided","Secondary with Higher Secondary","390002"
"24191305218","ROSARY HIGH SCHOOL (ENG)","VADODARA","SAYAJI GANJ WARD- 6","Gujarat","Government Aided","Secondary with Higher Secondary","390002"
"24191112701","SHRAM MANDIR PRI.SCH.","VADODARA","SINDHROT","Gujarat","Local body","Primary with Upper Primary","391330"
"24191303320","SMT. KAMLABEN BADHIR VIDHYALAYA","VADODARA","WARD-08, RAOPURA, KARELIBAUG","Gujarat","Private Unaided (Recognized)","Primary with Upper Primary","390018"
"24191303406","SHREE G. D. PATEL BADHIR MADHYAMIK VIDHYALAYA","VADODARA","WARD-08, NEW VIP ROAD","Gujarat","Private Unaided (Recognized)","Secondary Only","390018"
"24191303319","SHRI HARIBHAI R. DESAI BADHIR MADYAMIK VIDYALAYA","VADODARA","WARD-08, RAOPURA, KARELIBAUG","Gujarat","Private Unaided (Recognized)","Higher Secondary only/Jr. College","390018"
"24191211501","SANGADOL PRI.SCH.","VADODARA","SANGADOL","Gujarat","Local body","Primary with Upper Primary","391760"
"24191305205","ROSARY PRIMARY SCHOOL (GUJ)","VADODARA","SAYAJI GANJ WARD- 6","Gujarat","Private Unaided (Recognized)","Primary with Upper Primary","390002"
"24191305905","SHREE SAHAJANAND VIDYALAYA","VADODARA","WARD NO 5 AAJVA ROAD SHAER -16","Gujarat","Private Unaided (Recognized)","Pri. Upper Pri. and Secondary Only","390019"
"24191303321","SPANDAN SCHOOL FOR MENTALLYHANDICAPPED","VADODARA","WARD-08, RAOPURA, KARELIBAUG","Gujarat","Private Unaided (Recognized)","Primary","390018"
"24191303118","SHIVAM HINDI VIDYALAYA","VADODARA","GAJRAVADI WARD 3","Gujarat","Private Unaided (Recognized)","Primary with Upper Primary","390004"
"24191305206","ROSARY PRIMARY SCHOOL (ENG)","VADODARA","SAYAJI GANJ WARD- 6","Gujarat","Private Unaided (Recognized)","Primary with Upper Primary","390002"
"24191304508","SHIVAM VIDHAYLAY (ENG)","VADODARA","SHAHER-16, SH-22, AJWAROAD","Gujarat","Private Unaided (Recognized)","Pri. Upper Pri. and Secondary Only","390019"
"24191304507","SHIVAM VIDHAYLAY (GUJ)","VADODARA","SHAHER-16, SH-22, AJWAROAD","Gujarat","Private Unaided (Recognized)","Pri. with Upper Pri. Sec. and H.Sec.","390019"
"24191300328","N.P. SAYAJIGUNJ SCHOOL NO-6","VADODARA","BELBAG-7,PRTAPGNJ,FATEGNJ,NIZAMPURA","Gujarat","Local body","Primary with Upper Primary","390002"
"24191113101","SONAR KUI PRI.SCH.","VADODARA","SEVASI","Gujarat","Local body","Primary with Upper Primary","391101"
"24191304802","SHRI AADARSH PRIMARY SCHOOL (ENG.)","VADODARA","EL WARD 7 FATEPURA - 1","Gujarat","Private Unaided (Recognized)","Primary with Upper Primary","390022"
"24191301134","NAVYUG ENGLISH MEDIUM SCHOOL","VADODARA","EL WARD 3 FATEPURA- 1","Gujarat","Government Aided","Secondary with Higher Secondary","390024"
"24191301119","NAVYUG ENGLISH MEDIUM SCHOOL","VADODARA","EL WARD 3 FATEPURA- 1","Gujarat","Private Unaided (Recognized)","Primary with Upper Primary","390024"
"24191300330","N.P. SAYAJIGUNJ SCHOOL NO-15","VADODARA","BELBAG-7,PRTAPGNJ,FATEGNJ,NIZAMPURA","Gujarat","Local body","Primary with Upper Primary","390002"
"24191304801","BAL BHARTI SCHOOL","VADODARA","EL WARD 7 FATEPURA - 1","Gujarat","Private Unaided (Recognized)","Pri. Upper Pri. and Secondary Only","390022"
"24191304318","SHRI VASANT PRIMARY VIDYALAYA","VADODARA","RAOPURA -8, NAGARVADA, KOTHI","Gujarat","Private Unaided (Recognized)","Primary with Upper Primary","390001"
"24191213101","VADIYAPURA PRI.SCH.","VADODARA","GHODARA","Gujarat","Local body","Primary","391760"
"24191212801","TRIKAMPURA PRI.SCH.","VADODARA","VEDPUR","Gujarat","Local body","Primary","391761"
"24191203201","GAJADARA PRI SCH","VADODARA","GAJADARA","Gujarat","Local body","Primary with Upper Primary","391760"
"24191304206","KENDRIYA VIDYALAYA NO-1","VADODARA","EL WARD 7 FATEPURA -1","Gujarat","Kendriya Vidyalaya","Pri. with Upper Pri. Sec. and H.Sec.","390022"
"24191304204","LAL BAHADUR SHASTRI VIDHYALAY","VADODARA","EL WARD 7 FATEPURA -1","Gujarat","Private Unaided (Recognized)","Primary with Upper Primary","390022"
"24191304212","LAL BAHADUR SHASTRI VIDHYALAY","VADODARA","EL WARD 7 FATEPURA -1","Gujarat","Government Aided","Secondary with Higher Secondary","390022"
"24191303604","VIDYA VIHAR SCHOOL (ENG)","VADODARA","GORWA J (10)","Gujarat","Private Unaided (Recognized)","Pri. Upper Pri. and Secondary Only","390023"
"24191303605","VIDYA VIHAR SCHOOL (GUJ)","VADODARA","GORWA J (10)","Gujarat","Private Unaided (Recognized)","Pri. Upper Pri. and Secondary Only","390023"
"24191202901","DEVALIYA PRI SCH","VADODARA","NAVA AAJVA","Gujarat","Local body","Primary","391760"
"24191304213","LAL BAHADUR SHASTRI VIDHYALAY PRIMARY SECTION ENGLISH MEDIUM","VADODARA","EL WARD 7 FATEPURA -1","Gujarat","Private Unaided (Recognized)","Primary",""
"24191101801","BHIMPURA PRI.SCH.","VADODARA","SHERKHI","Gujarat","Local body","Primary with Upper Primary","391101"
"24191304603","SHRI LADHARAM SCHOOL (ENG)","VADODARA","VADODARA - 1","Gujarat","Private Unaided (Recognized)","Pri. Upper Pri. and Secondary Only","390006"
"24191303007","SHREE SAHAJ VIDYALAYA","VADODARA","VAGHODIA ROAD WARD-9","Gujarat","Private Unaided (Recognized)","Primary with Upper Primary","390017"
"24191304007","N.P. FATEPURA SCHOOL NO-18","VADODARA","EL WARD 8 FATEPURA -1","Gujarat","Local body","Primary with Upper Primary","390022"
"24191304003","N.P. FATEPURA SCHOOL NO-11","VADODARA","EL WARD 8 FATEPURA -1","Gujarat","Local body","Primary with Upper Primary","390022"
"24191303329","DHANANJAY AMBALAL PATEL SCHOOL (GUJ)","VADODARA","WARD-08, RAOPURA, KARELIBAUG","Gujarat","Private Unaided (Recognized)","Primary with Upper Primary",""
"24191303328","DHANANJAY AMBALAL PATEL SCHOOL","VADODARA","WARD-08, RAOPURA, KARELIBAUG","Gujarat","Private Unaided (Recognized)","Primary with Upper Primary",""
"24191300313","HILL MEMORIAL PRIMARY SCHOOL","VADODARA","BELBAG-7,PRTAPGNJ,FATEGNJ,NIZAMPURA","Gujarat","Private Unaided (Recognized)","Primary with Upper Primary","390006"
"24191302653","SHRI R. C. PATEL NAVYUG VIDYALAYA (GUJ)","VADODARA","WARD-6,SAYAJI-1,SAYAJI-8,SAYAJI-21","Gujarat","Government Aided","Secondary with Higher Secondary","390002"
"24191302631","SHRI R. C. PATEL NAVYUG VIDYALAYA (GUJ)","VADODARA","WARD-6,SAYAJI-1,SAYAJI-8,SAYAJI-21","Gujarat","Private Unaided (Recognized)","Primary with Upper Primary","390002"
"24191300360","HILL MEMORIAL HIGH SCHOOL","VADODARA","BELBAG-7,PRTAPGNJ,FATEGNJ,NIZAMPURA","Gujarat","Government Aided","Secondary with Higher Secondary","390002"
"24191305903","S. D. PATEL SCHOOL","VADODARA","WARD NO 5 AAJVA ROAD SHAER -16","Gujarat","Private Unaided (Recognized)","Pri. with Upper Pri. Sec. and H.Sec.","390019"
"24191303520","KALRAV SPECIAL SCHOOL","VADODARA","SUBHANPURA-10, LAXMIPURA, ALEMBIC","Gujarat","Private Unaided (Recognized)","Primary","390023"
"24191303507","N.P. SAYAJIGUNJ SCHOOL NO-9","VADODARA","SUBHANPURA-10, LAXMIPURA, ALEMBIC","Gujarat","Local body","Primary with Upper Primary","390023"
"24191205301","JEPURA PRI.SCH.","VADODARA","VEDPUR","Gujarat","Local body","Primary","391760"
"24191208501","NARSINH PURA PRI.SCH.","VADODARA","SANGADOL","Gujarat","Local body","Primary","391760"
"24191213209","Govt Sec School Gajadara","VADODARA","GAJADARA","Gujarat","Department of Education","Secondary Only","391760"
"24191301612","SHRI S. A. PANDYA VIDYALAY","VADODARA","WARD-11,GERI,VASANA,GOTRI","Gujarat","Private Unaided (Recognized)","Secondary Only","390023"
"24191204501","HANUMAN PURA PRI.SCH.","VADODARA","HANUMAN PURA","Gujarat","Local body","Primary","390019"
"24191201501","BHADOL KHURD PRI.SCH.","VADODARA","BHADOL KHURD","Gujarat","Local body","Primary","391760"
"24191107101","KHANPUR PRI.SCH.","VADODARA","KHANPUR","Gujarat","Local body","Primary","391101"
"24191303410","MY SHANNEN SCHOOL (GUJ)","VADODARA","WARD-08, NEW VIP ROAD","Gujarat","Private Unaided (Recognized)","Pri. with Upper Pri. Sec. and H.Sec.","390019"
"24191303411","MY SHANNEN SCHOOL (ENG)","VADODARA","WARD-08, NEW VIP ROAD","Gujarat","Private Unaided (Recognized)","Pri. with Upper Pri. Sec. and H.Sec.","390019"
"24191305202","ASHOKA HALL  PUBLIC SCHOOL","VADODARA","SAYAJI GANJ WARD- 6","Gujarat","Private Unaided (Recognized)","Pri. Upper Pri. and Secondary Only","390024"
"24191302204","SADHU VASWANI VIDYA MANDIR","VADODARA","EL WARD NO 7  FATEPURA 1","Gujarat","Government Aided","Secondary Only","390022"
"24191302203","SADHU VASWANI VIDYA MANDIR","VADODARA","EL WARD NO 7  FATEPURA 1","Gujarat","Private Unaided (Recognized)","Primary with Upper Primary","390022"
"24191302205","SADHU VASWANI VIDYA MANDIR","VADODARA","EL WARD NO 7  FATEPURA 1","Gujarat","Private Unaided (Recognized)","Higher Secondary only/Jr. College","390022"
"24191305006","SARSVATI VIDHYAMANDIR (GUJ)","VADODARA","SHAHER-22 , KISHANWADI","Gujarat","Private Unaided (Recognized)","Pri. with Upper Pri. Sec. and H.Sec.","390019"
"24191305005","SARSVATI VIDHYAMANDIR (HINDI)","VADODARA","SHAHER-22 , KISHANWADI","Gujarat","Private Unaided (Recognized)","Pri. with Upper Pri. Sec. and H.Sec.","390019"
"24191304306","N.P. RAOPURA SCHOOL NO-17","VADODARA","RAOPURA -8, NAGARVADA, KOTHI","Gujarat","Local body","Primary with Upper Primary","390018"
"24191106801","KATOLIYA PRI.SCH.","VADODARA","SHERKHI","Gujarat","Local body","Primary","391101"
"24191304515","ROYAL EDUWORLD SCHOOL","VADODARA","SHAHER-16, SH-22, AJWAROAD","Gujarat","Private Unaided (Recognized)","Pri. with Upper Pri. Sec. and H.Sec.","390011"
"24191206401","KHANDHA PRI SCH","VADODARA","KHANDHA","Gujarat","Local body","Primary","391760"
"24191201403","MAURYAN HIGH SCHOOL","VADODARA","BARKOL","Gujarat","Private Unaided (Recognized)","Pri. Upper Pri. and Secondary Only","390019"
"24191300211","SHREE VIDHYAMANDIR VIDHYYALAYA (GUJ)","VADODARA","SHUBHANPURA-10,GORWA,VADIVADI","Gujarat","Private Unaided (Recognized)","Pri. with Upper Pri. Sec. and H.Sec.","390023"
"24191301610","SHRI VIDYA VIKAS VIDYALAYA","VADODARA","WARD-11,GERI,VASANA,GOTRI","Gujarat","Private Unaided (Recognized)","Primary with Upper Primary","390023"
"24191301620","SHRI VIDYA VIKAS VIDYALAYA","VADODARA","WARD-11,GERI,VASANA,GOTRI","Gujarat","Government Aided","Secondary with Higher Secondary","390023"
"24191303911","ADARSH HINDI VIDHYALAYA","VADODARA","SAYAJIGUNJ 1, ALKAPURI, KADAKBAZAR","Gujarat","Government Aided","Secondary with Higher Secondary","390002"
"24191301611","PADMAVATI VIDYALAY","VADODARA","WARD-11,GERI,VASANA,GOTRI","Gujarat","Private Unaided (Recognized)","Primary with Upper Primary","390023"
"24191203202","GAJADARA N.V PRI SCH","VADODARA","GAJADARA","Gujarat","Local body","Primary","391760"
"24191303305","ST ANN'S SCHOOL (GUJ)","VADODARA","WARD-08, RAOPURA, KARELIBAUG","Gujarat","Private Unaided (Recognized)","Primary with Upper Primary","239021"
"24191300355","CONVENT OF JESUS &  MARY GIRL'S HIGH SCHOOL","VADODARA","BELBAG-7,PRTAPGNJ,FATEGNJ,NIZAMPURA","Gujarat","Private Unaided (Recognized)","Primary with Upper Primary","390002"
"24191300364","CONVENT OF JESUS &  MARY GIRL'S HIGH SCHOOL","VADODARA","BELBAG-7,PRTAPGNJ,FATEGNJ,NIZAMPURA","Gujarat","Government Aided","Secondary with Higher Secondary","390002"
"24191201404","SIGMA PUBLIC SCHOOL","VADODARA","BARKOL","Gujarat","Private Unaided (Recognized)","Primary with Upper Primary","390019"
"24191301303","N.P. SAYAJIGUNJ SCHOOL NO-26","VADODARA","WARD-7,FATEGANJ,NAVAYARD,NEWSAMA","Gujarat","Local body","Primary with Upper Primary","390002"
"24191301301","N.P. SAYAJIGUNJ SCHOOL NO-14","VADODARA","WARD-7,FATEGANJ,NAVAYARD,NEWSAMA","Gujarat","Local body","Primary with Upper Primary","390002"
"24191303602","SHRI GAYATRI VIDHYAVIHAR VIDYALAY","VADODARA","GORWA J (10)","Gujarat","Private Unaided (Recognized)","Primary with Upper Primary","390016"
"24191301325","SHREE J.C. SCHOOL OF SCIENCE","VADODARA","WARD-7,FATEGANJ,NAVAYARD,NEWSAMA","Gujarat","Private Unaided (Recognized)","Higher Secondary only/Jr. College",""
"24191112102","AMERICAN SCHOOL OF BARODA","VADODARA","SAYAJIPURA","Gujarat","Private Unaided (Recognized)","Pri. with Upper Pri. Sec. and H.Sec.","390019"
"24191303616","BACHPAN PUBLIC SCHOOL","VADODARA","GORWA J (10)","Gujarat","Private Unaided (Recognized)","Primary with Upper Primary","390023"
"24191303315","SARWA MANGAL SCHOOL","VADODARA","WARD-08, RAOPURA, KARELIBAUG","Gujarat","Private Unaided (Recognized)","Upper Pri. Secondary and Higher Sec","390018"
"24191302930","SHIKSHAN SADHANA VIDHIYALAY","VADODARA","PANIGATE WARD-9","Gujarat","Private Unaided (Recognized)","Primary with Upper Primary","390019"
"24191303313","SHANNEN KID'S SCHOOL","VADODARA","WARD-08, RAOPURA, KARELIBAUG","Gujarat","Private Unaided (Recognized)","Pri. Upper Pri. and Secondary Only","390018"
"24191301707","KELAVANI TRUST VIDYALAY (GUJ)","VADODARA","SAYAJI-6, PARASI-AGIYARI","Gujarat","Government Aided","Secondary with Higher Secondary","390020"
"24191303314","PARTH SCHOOL OF SCIENCE AND COMPETITION","VADODARA","WARD-08, RAOPURA, KARELIBAUG","Gujarat","Private Unaided (Recognized)","Secondary with Higher Secondary","390018"
"24191301313","SHANNEN SCHOOL","VADODARA","WARD-7,FATEGANJ,NAVAYARD,NEWSAMA","Gujarat","Private Unaided (Recognized)","Pri. with Upper Pri. Sec. and H.Sec.","390002"
"24191301318","SHANNEN VIDHYALAYA","VADODARA","WARD-7,FATEGANJ,NAVAYARD,NEWSAMA","Gujarat","Private Unaided (Recognized)","Higher Secondary only/Jr. College","390018"
"24191303407","BRIGHT SCHOOL (ENG. & GUJ.)","VADODARA","WARD-08, NEW VIP ROAD","Gujarat","Government Aided","Secondary with Higher Secondary","390022"
"24191201401","BAKROL PRI.SCH.","VADODARA","BARKOL","Gujarat","Local body","Primary","390019"
"24191303311","BRIGHT DAY SCHOOL (ENG)","VADODARA","WARD-08, RAOPURA, KARELIBAUG","Gujarat","Private Unaided (Recognized)","Primary with Upper Primary","390018"
"24191303322","BRIGHT DAY SCHOOL (ENG)","VADODARA","WARD-08, RAOPURA, KARELIBAUG","Gujarat","Private Unaided (Recognized)","Secondary with Higher Secondary","390018"
"24191206402","KHANDHA N.V PRI SCH","VADODARA","KHANDHA","Gujarat","Local body","Primary","391760"
"24191213601","VEDPUR PRI.SCH.","VADODARA","VEDPUR","Gujarat","Local body","Primary with Upper Primary","391761"
"24191303327","BRIGHT SCHOOL (ENG)","VADODARA","WARD-08, RAOPURA, KARELIBAUG","Gujarat","Private Unaided (Recognized)","Primary with Upper Primary","390015"
"24191211502","SANGADOL N.V. PRI.SCH.","VADODARA","SANGADOL","Gujarat","Local body","Primary","391760"
"24191303510","ALEMBIC VIDHYALAYA","VADODARA","SUBHANPURA-10, LAXMIPURA, ALEMBIC","Gujarat","Private Unaided (Recognized)","Primary with Upper Primary","390003"
"24191303521","ALEMBIC VIDHYALAYA","VADODARA","SUBHANPURA-10, LAXMIPURA, ALEMBIC","Gujarat","Government Aided","Secondary with Higher Secondary","390003"
"24191301133","HOLY ANGEL","VADODARA","EL WARD 3 FATEPURA- 1","Gujarat","Private Unaided (Recognized)","Primary","390017"
"24191301314","ST. JOSEPH'S HIGHSCHOOL","VADODARA","WARD-7,FATEGANJ,NAVAYARD,NEWSAMA","Gujarat","Government Aided","Secondary with Higher Secondary","390002"
"24191301401","ST. JOSEPH'S HIGHSCHOOL","VADODARA","WARD-7,FATEGUNJ,NAWAYARD,NEWSAMA","Gujarat","Private Unaided (Recognized)","Primary with Upper Primary","390009"
"24191303318","JAY AMBE VIDYALAYA (ENG)","VADODARA","WARD-08, RAOPURA, KARELIBAUG","Gujarat","Private Unaided (Recognized)","Secondary with Higher Secondary","390022"
"24191112801","SINDHROT PRI.SCH.","VADODARA","SINDHROT","Gujarat","Local body","Primary with Upper Primary","391330"
"24191303317","JAY AMBE VIDYALAYA (GUJ)","VADODARA","WARD-08, RAOPURA, KARELIBAUG","Gujarat","Private Unaided (Recognized)","Secondary with Higher Secondary","390022"
"24191306704","AMBE VIDYALAYA (GUJ)","VADODARA","WARD NO 3 RAVPURA 1","Gujarat","Private Unaided (Recognized)","Primary with Upper Primary","390018"
"24191306703","AMBE VIDYALAYA (ENG)","VADODARA","WARD NO 3 RAVPURA 1","Gujarat","Private Unaided (Recognized)","Primary with Upper Primary","390018"
"24191300212","VRAJ VIDYALAYA","VADODARA","SHUBHANPURA-10,GORWA,VADIVADI","Gujarat","Private Unaided (Recognized)","Secondary with Higher Secondary","390023"
"24191303522","ONEWORLD SCHOOL","VADODARA","SUBHANPURA-10, LAXMIPURA, ALEMBIC","Gujarat","Private Unaided (Recognized)","Primary","390015"
"24191301324","GOVT SCHOOL FOR BLIND","VADODARA","WARD-7,FATEGANJ,NAVAYARD,NEWSAMA","Gujarat","Private Unaided (Recognized)","Primary with Upper Primary","390010"
"24191300344","SHRI TULSHIDAS R. PATEL VIDYALAYA","VADODARA","BELBAG-7,PRTAPGNJ,FATEGNJ,NIZAMPURA","Gujarat","Private Unaided (Recognized)","Primary with Upper Primary","390002"
"24191300362","SHRI TULSHIDAS R. PATEL VIDYALAYA","VADODARA","BELBAG-7,PRTAPGNJ,FATEGNJ,NIZAMPURA","Gujarat","Government Aided","Secondary with Higher Secondary","390002"
"24191207801","MAHADEV PURA PRI.SCH.","VADODARA","GORAJ","Gujarat","Local body","Primary","391760"
"24191303608","GORWA MUSLIM SCHOOL","VADODARA","GORWA J (10)","Gujarat","Private Unaided (Recognized)","Secondary with Higher Secondary","390016"
"24191303506","N.P. SAYAJIGUNJ SCHOOL NO-8","VADODARA","SUBHANPURA-10, LAXMIPURA, ALEMBIC","Gujarat","Local body","Primary with Upper Primary","390016"
"24191303505","N.P. SAYAJIGUNJ SCHOOL NO-17","VADODARA","SUBHANPURA-10, LAXMIPURA, ALEMBIC","Gujarat","Local body","Primary with Upper Primary","390016"
"24191303503","N.P. SAYAJIGUNJ SCHOOL NO-46","VADODARA","SUBHANPURA-10, LAXMIPURA, ALEMBIC","Gujarat","Local body","Primary with Upper Primary","390016"
"24191303703","J. K. PRIMARY SCHOOL","VADODARA","SUBHANPURA-10, KARODIYA ROAD","Gujarat","Private Unaided (Recognized)","Primary with Upper Primary","390016"
"24191301615","SUPRABHAT HIGH SCHOOL","VADODARA","WARD-11,GERI,VASANA,GOTRI","Gujarat","Private Unaided (Recognized)","Secondary Only","390016"
"24191303613","SATYANARAYAN VIDYALAYA","VADODARA","GORWA J (10)","Gujarat","Private Unaided (Recognized)","Higher Secondary only/Jr. College","390016"
"24191303606","SATYANARAYAN VIDYALAYA","VADODARA","GORWA J (10)","Gujarat","Government Aided","Secondary with Higher Secondary","390016"
"24191303611","C. K. PRAJAPATI  VIDYALAYA VIBHAG 2","VADODARA","GORWA J (10)","Gujarat","Private Unaided (Recognized)","Primary with Upper Primary","390016"
"24191304028","FATIMAH ZAHARA (R.A)   (ENG) SCHOOL FOR GIRLS","VADODARA","EL WARD 8 FATEPURA -1","Gujarat","Private Unaided (Recognized)","Pri. with Upper Pri. Sec. and H.Sec.","390006"
"24191301320","UNIVERSITY EXPERIMENTAL SCHOOL (GUJ.)","VADODARA","WARD-7,FATEGANJ,NAVAYARD,NEWSAMA","Gujarat","Government Aided","Secondary with Higher Secondary","390002"
"24191300368","HIMGIRI SCHOOL (ENG)","VADODARA","BELBAG-7,PRTAPGNJ,FATEGNJ,NIZAMPURA","Gujarat","Private Unaided (Recognized)","Pri. Upper Pri. and Secondary Only","390002"
"24191303502","N.P. SAYAJIGUNJ SCHOOL NO-22","VADODARA","SUBHANPURA-10, LAXMIPURA, ALEMBIC","Gujarat","Local body","Primary with Upper Primary","390023"
"24191208601","NAVA AJAWA PRI SCH","VADODARA","NAVA AAJVA","Gujarat","Local body","Primary","391760"
"24191301201","DAFFODILS ENGLISH MEDIUM SCHOOL","VADODARA","WARD-10,VADIVADI,GORAVA,CHHANI","Gujarat","Private Unaided (Recognized)","Primary with Upper Primary","390002"
"24191301202","DAFFODILS GUJARATI MEDIUM SCHOOL","VADODARA","WARD-10,VADIVADI,GORAVA,CHHANI","Gujarat","Private Unaided (Recognized)","Primary with Upper Primary","390002"
"24191301306","N.P. SAYAJIGUNJ SCHOOL NO-42","VADODARA","WARD-7,FATEGANJ,NAVAYARD,NEWSAMA","Gujarat","Local body","Primary with Upper Primary","390002"
"24191300321","N.P. SAYAJIGUNJ SCHOOL NO-13","VADODARA","BELBAG-7,PRTAPGNJ,FATEGNJ,NIZAMPURA","Gujarat","Local body","Primary with Upper Primary","390024"
"24191303612","C. K. PRAJAPATI SCHOOL (ENG)","VADODARA","GORWA J (10)","Gujarat","Private Unaided (Recognized)","Primary with Upper Primary","390016"
"24191303614","C. K. PRAJAPATI SCHOOL (ENG)","VADODARA","GORWA J (10)","Gujarat","Private Unaided (Recognized)","Primary","390016"
"24191203901","GORAJ PRI.SCH.","VADODARA","GORAJ","Gujarat","Local body","Primary with Upper Primary","391760"
"24191300363","WEBB MEMORIAL GIRLS HIGH SCHOOL","VADODARA","BELBAG-7,PRTAPGNJ,FATEGNJ,NIZAMPURA","Gujarat","Government Aided","Secondary Only","390002"
"24191300347","WEBB MEMORIAL PRIMARY SCHOOL","VADODARA","BELBAG-7,PRTAPGNJ,FATEGNJ,NIZAMPURA","Gujarat","Private Unaided (Recognized)","Primary with Upper Primary","390009"
"24191300366","WEBB MEMORIAL GIRLS HIGH SCHOOL","VADODARA","BELBAG-7,PRTAPGNJ,FATEGNJ,NIZAMPURA","Gujarat","Private Unaided (Recognized)","Higher Secondary only/Jr. College","390002"
"24191303601","C. K. PRAJAPATI VIDHYALAYA","VADODARA","GORWA J (10)","Gujarat","Private Unaided (Recognized)","Primary with Upper Primary","390016"
"24191112802","GANGAPUR PRI SCH","VADODARA","SINDHROT","Gujarat","Local body","Primary with Upper Primary","391330"
"24191109101","NIZAM PURA PRI.SCH.","VADODARA","SINDHROT","Gujarat","Local body","Primary","391330"
"24191202501","CHIPAD PRI.SCH.","VADODARA","CHIPAD","Gujarat","Local body","Primary","391760"
"24191202601","CHIPAT PRI.SCH.","VADODARA","CHIPAT","Gujarat","Local body","Primary","391761"
"24191300335","ROSHAN MEMORIAL HIGH SCHOOL","VADODARA","BELBAG-7,PRTAPGNJ,FATEGNJ,NIZAMPURA","Gujarat","Private Unaided (Recognized)","Pri. with Upper Pri. Sec. and H.Sec.","390002"
"24191303514","SHRI NARAYAN PRIMARY SCHOOL","VADODARA","SUBHANPURA-10, LAXMIPURA, ALEMBIC","Gujarat","Private Unaided (Recognized)","Primary with Upper Primary","390016"
"24191303610","C. K. PRAJAPATI HIGH SCHOOL ( GUJ)","VADODARA","GORWA J (10)","Gujarat","Private Unaided (Recognized)","Higher Secondary only/Jr. College","390016"
"24191208901","NAVI JAMBUVAI PRI.SCH.","VADODARA","NAVI JAMBUVAI","Gujarat","Local body","Primary","391760"
"24191300369","ST. PAUL ENGLISH MEDIUM PRIMARY SCHOOL","VADODARA","BELBAG-7,PRTAPGNJ,FATEGNJ,NIZAMPURA","Gujarat","Private Unaided (Recognized)","Primary","390002"
"24191207501","MADHAV NAGAR PRI.SCH.","VADODARA","SIKANDAR PURA","Gujarat","Local body","Primary with Upper Primary","390019"
"24191300204","MAA SHARADA VIDYALAYA(HINDI)","VADODARA","SHUBHANPURA-10,GORWA,VADIVADI","Gujarat","Private Unaided (Recognized)","Pri. with Upper Pri. Sec. and H.Sec.","390016"
"24191300202","MAA SHARADA VIDYALAYA (GUJ)","VADODARA","SHUBHANPURA-10,GORWA,VADIVADI","Gujarat","Private Unaided (Recognized)","Pri. Upper Pri. and Secondary Only","390016"
"24191203904","Mrs.M.C.Panchal Sarvajanik High School","VADODARA","GORAJ","Gujarat","Government Aided","Secondary with Higher Secondary","391761"
"24191300308","NEW ERA SENIOR SECONDARY SCHOOL","VADODARA","BELBAG-7,PRTAPGNJ,FATEGNJ,NIZAMPURA","Gujarat","Private Unaided (Recognized)","Pri. with Upper Pri. Sec. and H.Sec.","390002"
"24191305401","MEKAL VIDHYALAY","VADODARA","SAYAJI 8","Gujarat","Private Unaided (Recognized)","Primary with Upper Primary","390023"
"24191212001","SIKANDAR PURA PRI.SCH.","VADODARA","SIKANDAR PURA","Gujarat","Local body","Primary with Upper Primary","390019"
"24191304210","KENDRIYA VIDYALAYA NO-2","VADODARA","EL WARD 7 FATEPURA -1","Gujarat","Kendriya Vidyalaya","Pri. with Upper Pri. Sec. and H.Sec.","390022"
"24191200302","AAJVA COLONY PRI.SCH.","VADODARA","SANOLI","Gujarat","Local body","Primary with Upper Primary","391760"
"24191301113","CHANAKYA VIDHYAPITH (GUJ)","VADODARA","EL WARD 3 FATEPURA- 1","Gujarat","Private Unaided (Recognized)","Primary with Upper Primary","390023"
"24191301114","CHANAKYA VIDHYAPITH (ENG)","VADODARA","EL WARD 3 FATEPURA- 1","Gujarat","Private Unaided (Recognized)","Primary with Upper Primary","390023"
"24190209307","N.V.GOPALPURA PRIMARY SCHOOL","VADODARA","SIMLIYA","Gujarat","Local body","Primary","391110"
"24191203902","JALARAMNAGAR PRIMARY SCH","VADODARA","GORAJ","Gujarat","Local body","Primary","391760"
"24191303511","N. S. RAMI VIDHYALAYA","VADODARA","SUBHANPURA-10, LAXMIPURA, ALEMBIC","Gujarat","Private Unaided (Recognized)","Primary with Upper Primary","390023"
"24191303617","GLOBAL KNOWLEDGE INTERNATIONAL SCHOOL (ENG)","VADODARA","GORWA J (10)","Gujarat","Private Unaided (Recognized)","Primary","390016"
"24191301211","GYAN JYOTH VIDHYALAYA (ENG)","VADODARA","WARD-10,VADIVADI,GORAVA,CHHANI","Gujarat","Private Unaided (Recognized)","Secondary Only","390002"
"24191301209","GYAN JYOTH VIDHYALAYA (GUJ)","VADODARA","WARD-10,VADIVADI,GORAVA,CHHANI","Gujarat","Private Unaided (Recognized)","Secondary Only","390002"
"24191307001","BRIGHT DAY SCHOOL (CBSE)","VADODARA","EL WARD 4 FATEPURA -1","Gujarat","Private Unaided (Recognized)","Pri. with Upper Pri. Sec. and H.Sec.","390009"
"24191303307","GYAN JYOT VIDYALAYA","VADODARA","WARD-08, RAOPURA, KARELIBAUG","Gujarat","Private Unaided (Recognized)","Pri. with Upper Pri. Sec. and H.Sec.","390016"
"24191303302","ST. THOMAS","VADODARA","WARD-08, RAOPURA, KARELIBAUG","Gujarat","Private Unaided (Recognized)","Primary with Upper Primary","390016"
"24191210002","NIMETA NARMADA VASAHAT","VADODARA","NIMETA","Gujarat","Local body","Primary","390019"
"24191109501","PIROD NAGAR PRI.SCH.","VADODARA","SHERKHI","Gujarat","Local body","Primary","391330"
"24191300346","NAVARACHANA VIDYANI VIDYALAYA","VADODARA","BELBAG-7,PRTAPGNJ,FATEGNJ,NIZAMPURA","Gujarat","Private Unaided (Recognized)","Pri. with Upper Pri. Sec. and H.Sec.","390024"
"24191101324","FARTILIZERNAGAR SCHOOL (SEC )","VADODARA","DASHRATH","Gujarat","Government Aided","Secondary with Higher Secondary","391750"
"24191301203","N.P. SAYAJIGUNJ SCHOOL NO-47","VADODARA","WARD-10,VADIVADI,GORAVA,CHHANI","Gujarat","Local body","Primary with Upper Primary","390024"
"24191303603","OM VIDYALAYA","VADODARA","GORWA J (10)","Gujarat","Private Unaided (Recognized)","Primary with Upper Primary","390016"
"24191203701","DHAROLA PRI.SCH.","VADODARA","DHAROLA","Gujarat","Local body","Primary","391761"
"24191300322","N.P. SAYAJIGUNJ SCHOOL NO-20","VADODARA","BELBAG-7,PRTAPGNJ,FATEGNJ,NIZAMPURA","Gujarat","Local body","Primary with Upper Primary","390024"
"24191104902","HARANI PRI SCH.","VADODARA","HARANI","Gujarat","Local body","Primary with Upper Primary","390022"
"24191205402","PODAR INTERNATIONAL SCHOOL","VADODARA","JESANGPURA","Gujarat","Private Unaided (Recognized)","Pri. Upper Pri. and Secondary Only","390019"
"24191210005","PODAR INTERNATIONAL SCHOOL GSEB","VADODARA","PUNIT NAGAR","Gujarat","Private Unaided (Recognized)","Primary","390022"
"24191203301","GAMBHIRPURA PRI.SCH.","VADODARA","GAMBHIR PURA","Gujarat","Local body","Primary with Upper Primary","391761"
"24191300102","VITHAL VIDYALAYA","VADODARA","GAJRAVADI-3, VADI- BAMBKHANA","Gujarat","Private Unaided (Recognized)","Pri. with Upper Pri. Sec. and H.Sec.","390007"
"24191205401","JESANGPURA PRI.SCH.","VADODARA","JESANGPURA","Gujarat","Local body","Primary","390019"
"24191214101","ZAVER PURA PRI.SCH.","VADODARA","GORAJ","Gujarat","Local body","Primary","391761"
"24191112502","SHERKHI(MOTO BHAG) PRI SCH","VADODARA","SHERKHI","Gujarat","Local body","Primary with Upper Primary","391330"
"24191112503","SHREE SERKHI VIDHYAMANDIR","VADODARA","SHERKHI","Gujarat","Private Unaided (Recognized)","Secondary Only","391330"
"24191101101","ANKODIYA PRI.SCH.","VADODARA","ANKODIYA","Gujarat","Local body","Primary with Upper Primary","391330"
"24191112504","PODAR WORLD SCHOOL","VADODARA","SHERKHI","Gujarat","Private Unaided (Recognized)","Pri. with Upper Pri. Sec. and H.Sec.","391330"
"24191301317","THE SALVATION ARMY ENG. MEDIUM SCHOOL","VADODARA","WARD-7,FATEGANJ,NAVAYARD,NEWSAMA","Gujarat","Private Unaided (Recognized)","Primary with Upper Primary","390002"
"24191303308","SHRI BADRIPARSAD HINDI VIDYALY","VADODARA","WARD-08, RAOPURA, KARELIBAUG","Gujarat","Private Unaided (Recognized)","Pri. with Upper Pri. Sec. and H.Sec.","390016"
"24191300502","SHREE SARASVATI VIDYALAYA","VADODARA","JAMBUVA WARD-12","Gujarat","Private Unaided (Recognized)","Pri. with Upper Pri. Sec. and H.Sec.","390002"
"24191203001","DOLAPURA PRI.SCH.","VADODARA","GORAJ","Gujarat","Local body","Primary","391760"
"24191104001","GANGANAGAR PRI SCH","VADODARA","UNDERA","Gujarat","Local body","Primary","391310"
"24191302659","NEW URMI SCHOOL","VADODARA","WARD-6,SAYAJI-1,SAYAJI-8,SAYAJI-21","Gujarat","Private Unaided (Recognized)","Pri. with Upper Pri. Sec. and H.Sec.","390024"
"24191301123","URMI SCHOOL (CBSE)","VADODARA","EL WARD 3 FATEPURA- 1","Gujarat","Private Unaided (Recognized)","Pri. with Upper Pri. Sec. and H.Sec.","390024"
"24191302642","URMI SCHOOL (ENG)","VADODARA","WARD-6,SAYAJI-1,SAYAJI-8,SAYAJI-21","Gujarat","Private Unaided (Recognized)","Pri. with Upper Pri. Sec. and H.Sec.","390024"
"24191302640","URMI SCHOOL (GUJ)","VADODARA","WARD-6,SAYAJI-1,SAYAJI-8,SAYAJI-21","Gujarat","Private Unaided (Recognized)","Pri. with Upper Pri. Sec. and H.Sec.","390018"
"24191303306","SOFIYA ENGLISH MEDIUM SCHOOL","VADODARA","WARD-08, RAOPURA, KARELIBAUG","Gujarat","Private Unaided (Recognized)","Primary with Upper Primary","390016"
"24191303402","DIVYA SHAKTI VIDHYALAYA","VADODARA","WARD-08, NEW VIP ROAD","Gujarat","Private Unaided (Recognized)","Pri. with Upper Pri. Sec. and H.Sec.","390016"
"24191303704","MANAV PRATH. SHALA","VADODARA","SUBHANPURA-10, KARODIYA ROAD","Gujarat","Private Unaided (Recognized)","Primary with Upper Primary","390016"
"24191300358","JIVEN CHETNA VIDYALAY (GUJ)","VADODARA","BELBAG-7,PRTAPGNJ,FATEGNJ,NIZAMPURA","Gujarat","Government Aided","Secondary with Higher Secondary","390024"
"24191301112","ST ANN'S SCHOOL (ENG)","VADODARA","EL WARD 3 FATEPURA- 1","Gujarat","Private Unaided (Recognized)","Primary with Upper Primary","390023"
"24191301131","NAVRACHANA SCHOOL","VADODARA","EL WARD 3 FATEPURA- 1","Gujarat","Private Unaided (Recognized)","Pri. with Upper Pri. Sec. and H.Sec.","390005"
"24191303807","N.P. SAYAJIGUNJ SCHOOL NO-51","VADODARA","SAYAJIGUNJ 10, CHHANIROAD","Gujarat","Local body","Primary with Upper Primary","390024"
"24191300351","N.P. SAYAJIGUNJ SCHOOL NO-53","VADODARA","BELBAG-7,PRTAPGNJ,FATEGNJ,NIZAMPURA","Gujarat","Local body","Primary with Upper Primary","390024"
"24191111401","SAMA PRI.SCH.","VADODARA","SAMA","Gujarat","Local body","Primary with Upper Primary","390024"
"24191303808","N.P. SAYAJIGUNJ SCHOOL NO-52","VADODARA","SAYAJIGUNJ 10, CHHANIROAD","Gujarat","Local body","Primary with Upper Primary","390024"
"24191302627","SHRI RAM SAINIK HINDI VIDHYALAY","VADODARA","WARD-6,SAYAJI-1,SAYAJI-8,SAYAJI-21","Gujarat","Private Unaided (Recognized)","Pri. with Upper Pri. Sec. and H.Sec.","390024"
"24191300323","N.P. SAYAJIGUNJ SCHOOL NO-31","VADODARA","BELBAG-7,PRTAPGNJ,FATEGNJ,NIZAMPURA","Gujarat","Local body","Primary with Upper Primary","390024"
"24191112501","SHERKHI (NANO BHAG) PRI.SCH.","VADODARA","SHERKHI","Gujarat","Local body","Primary with Upper Primary","391330"
"24191113808","BLOSSAM SCHOOL","VADODARA","UNDERA","Gujarat","Private Unaided (Recognized)","Primary","390016"
"24191112505","AKSHAR TRUST PRI.SCH.","VADODARA","SHERKHI","Gujarat","Private Unaided (Recognized)","Primary with Upper Primary","391330"
"24191204312","NAVARAMPURA PRI. SCH.","VADODARA","GUTAL","Gujarat","Local body","Primary","391760"
"24191300305","JIGAR VIDYALAY","VADODARA","BELBAG-7,PRTAPGNJ,FATEGNJ,NIZAMPURA","Gujarat","Private Unaided (Recognized)","Pri. Upper Pri. and Secondary Only","390012"
"24191305204","AAYAL PUBLIC SCHOOL (HINDI)","VADODARA","SAYAJI GANJ WARD- 6","Gujarat","Private Unaided (Recognized)","Primary with Upper Primary","390028"
"24191305203","AAYAL PUBLIC SCHOOL (ENG)","VADODARA","SAYAJI GANJ WARD- 6","Gujarat","Private Unaided (Recognized)","Primary with Upper Primary","390028"
"24191105303","INDIRANAGAR PRI SCH (SEVASI)","VADODARA","ANKODIYA","Gujarat","Local body","Primary with Upper Primary","391330"
"24191303619","AL. BARKAT PUBLIC SCHOOL","VADODARA","GORWA J (10)","Gujarat","Private Unaided (Recognized)","Primary",""
"24191300370","NUTAN PUBLIC SCHOOL ( ENG)","VADODARA","BELBAG-7,PRTAPGNJ,FATEGNJ,NIZAMPURA","Gujarat","Private Unaided (Recognized)","Primary with Upper Primary","390011"
"24191303412","NUTAN VIDYALAYA (SUBHANPURA)","VADODARA","WARD-08, NEW VIP ROAD","Gujarat","Government Aided","Secondary Only","390023"
"24191303403","NUTAN VIDYALAYA (SUBHANPURA)","VADODARA","WARD-08, NEW VIP ROAD","Gujarat","Private Unaided (Recognized)","Primary with Upper Primary","390024"
"24191303414","NUTAN VIDYALAYA (SUBHANPURA)","VADODARA","WARD-08, NEW VIP ROAD","Gujarat","Private Unaided (Recognized)","Higher Secondary only/Jr. College","390023"
"24191103002","KENDRIYA VIDYALAYA AIRFORCE STN NO 5 DARJIPURA VADODARA","VADODARA","DARAJI PURA","Gujarat","Kendriya Vidyalaya","Pri. Upper Pri. and Secondary Only","390022"
"24191100901","AMRAPURA PRI.SCH.","VADODARA","SINDHROT","Gujarat","Local body","Primary","391330"
"24191300320","JIVAN TEJ VIDYALAYA","VADODARA","BELBAG-7,PRTAPGNJ,FATEGNJ,NIZAMPURA","Gujarat","Private Unaided (Recognized)","Primary with Upper Primary","390002"
"24191302654","MAR GREGORIOS MEMORIAL SCHOOL","VADODARA","WARD-6,SAYAJI-1,SAYAJI-8,SAYAJI-21","Gujarat","Government Aided","Secondary Only","390024"
"24191302635","MAR GREGORIOS MEMORIAL SCHOOL","VADODARA","WARD-6,SAYAJI-1,SAYAJI-8,SAYAJI-21","Gujarat","Private Unaided (Recognized)","Primary with Upper Primary","390024"
"24191302658","MAR GREGORIOS MEMORIAL SCHOOL","VADODARA","WARD-6,SAYAJI-1,SAYAJI-8,SAYAJI-21","Gujarat","Private Unaided (Recognized)","Higher Secondary only/Jr. College","390024"
"24191203501","GANPAT PURA PRI.SCH.","VADODARA","SANOLI","Gujarat","Local body","Primary","391760"
"24191203903","AASHRAMSHALA -GORAJ","VADODARA","GORAJ","Gujarat","Tribal Welfare Department","Primary with Upper Primary","391761"
"24191300806","TAKSHSHILA PRI VIDHYALAY","VADODARA","BABAJIPURA WARD 5 E","Gujarat","Private Unaided (Recognized)","Primary with Upper Primary","390024"
"24191300303","NAVODAY SCHOOL","VADODARA","BELBAG-7,PRTAPGNJ,FATEGNJ,NIZAMPURA","Gujarat","Private Unaided (Recognized)","Pri. with Upper Pri. Sec. and H.Sec.","390009"
"24191307003","CYGNUS WORLD SCHOOL (CBSE)","VADODARA","EL WARD 4 FATEPURA -1","Gujarat","Private Unaided (Recognized)","Pri. with Upper Pri. Sec. and H.Sec.","390022"
"24191103001","DARAJI PURA PRI.SCH.","VADODARA","DARAJI PURA","Gujarat","Local body","Primary with Upper Primary","390022"
"24191213301","VALVA PRI.SCH.","VADODARA","VALVA","Gujarat","Local body","Primary","391761"
"24191301212","GLOBAL PUBLIC SCHOOL (ENG)","VADODARA","WARD-10,VADIVADI,GORAVA,CHHANI","Gujarat","Private Unaided (Recognized)","Primary with Upper Primary","390017"
"24191300333","NUTAN VIDYALAYA (SAMA)","VADODARA","BELBAG-7,PRTAPGNJ,FATEGNJ,NIZAMPURA","Gujarat","Private Unaided (Recognized)","Primary with Upper Primary","390024"
"24191300361","NUTAN VIDYALAYA (SAMA)","VADODARA","BELBAG-7,PRTAPGNJ,FATEGNJ,NIZAMPURA","Gujarat","Government Aided","Secondary Only","390024"
"24191300365","NUTAN VIDYALAYA (SAMA)","VADODARA","BELBAG-7,PRTAPGNJ,FATEGNJ,NIZAMPURA","Gujarat","Private Unaided (Recognized)","Higher Secondary only/Jr. College","390024"
"24191300345","VIHALDEEP VIDYALAYA","VADODARA","BELBAG-7,PRTAPGNJ,FATEGNJ,NIZAMPURA","Gujarat","Private Unaided (Recognized)","Pri. with Upper Pri. Sec. and H.Sec.","390009"
"24191301308","ST. AMARESH SCHOOL","VADODARA","WARD-7,FATEGANJ,NAVAYARD,NEWSAMA","Gujarat","Private Unaided (Recognized)","Primary with Upper Primary","390002"
"24191103003","ADARSH NIVASI SHALA V.J.KANYA ( HIGH SEC)","VADODARA","DARAJI PURA","Gujarat","Tribal Welfare Department","Secondary with Higher Secondary","390022"
"24191300357","NEW JIVEN CHETNA VIDYALAY (GUJ)","VADODARA","BELBAG-7,PRTAPGNJ,FATEGNJ,NIZAMPURA","Gujarat","Private Unaided (Recognized)","Primary with Upper Primary","390002"
"24191209801","POPADIPURA PRI.SCH.","VADODARA","GORAJ","Gujarat","Local body","Primary","391760"
"24191204313","VESANIYA PRI. SCH.","VADODARA","GUTAL","Gujarat","Local body","Primary with Upper Primary","391760"
"24191113801","UNDERA PRI.SCH.","VADODARA","UNDERA","Gujarat","Local body","Primary with Upper Primary","391330"
"24191214301","DUNDELAV PRI. SCH.","VADODARA","DUNDELAV","Gujarat","Local body","Primary","391760"
"24191102001","BILIYA TALAVADI PRI.SCH.","VADODARA","BILIYA TALAVADI","Gujarat","Local body","Primary","390008"
"24191102801","DALPAT NAGAR PRI.SCH.","VADODARA","KOYLI","Gujarat","Local body","Primary","391310"
"24191205601","KACHHATIA PURA PRI.SCH.","VADODARA","RAVAL","Gujarat","Local body","Primary","391760"
"24191305208","SHREE VISHWAKARMA VIDHAYLAY (HINDI)","VADODARA","SAYAJI GANJ WARD- 6","Gujarat","Private Unaided (Recognized)","Primary with Upper Primary","390024"
"24191305207","SHREE VISHWAKARMA VIDHAYLAY (GUJ)","VADODARA","SAYAJI GANJ WARD- 6","Gujarat","Private Unaided (Recognized)","Primary with Upper Primary","390024"
"24191211601","SANOLI PRI.SCH.","VADODARA","SANOLI","Gujarat","Local body","Primary","391760"
"24191107703","KOYALI VIDHYAMANDIR (9 TO 12)","VADODARA","KOYLI","Gujarat","Government Aided","Secondary with Higher Secondary","391330"
"24191102601","CHOKARI PURA PRI.SCH.","VADODARA","SINDHROT","Gujarat","Local body","Primary","391336"
"24191101314","GUJARAT REFINERY ENG","VADODARA","UNDERA","Gujarat","Government Aided","Secondary with Higher Secondary","390006"
"24191113807","SIDHHI VINAYAK ENGLISH MEDIUM SCHOOL","VADODARA","UNDERA","Gujarat","Private Unaided (Recognized)","Primary","391330"
"24191113804","UNDERA MADHYAMIK SHALA","VADODARA","UNDERA","Gujarat","Government Aided","Secondary Only","391330"
"24191113806","MANAV PRI. SCHOOL","VADODARA","UNDERA","Gujarat","Private Unaided (Recognized)","Primary with Upper Primary","391330"
"24191102209","YAGNIK VIDYALAYA (GUJ)","VADODARA","CHHANI","Gujarat","Private Unaided (Recognized)","Secondary with Higher Secondary","391740"
"24191102208","YAGNIK VIDYALAYA (ENG)","VADODARA","CHHANI","Gujarat","Private Unaided (Recognized)","Pri. with Upper Pri. Sec. and H.Sec.","391740"
"24191305211","PRASHANSA VIDHYALAY","VADODARA","SAYAJI GANJ WARD- 6","Gujarat","Private Unaided (Recognized)","Primary with Upper Primary","390024"
"24191302645","KAIZEN JUNIOR SCIENCE COLLEGE (ENG.)","VADODARA","WARD-6,SAYAJI-1,SAYAJI-8,SAYAJI-21","Gujarat","Private Unaided (Recognized)","Secondary with Higher Secondary","390024"
"24191302646","KAIZEN JUNIOR SCIENCE COLLEGE (GUJ MED)","VADODARA","WARD-6,SAYAJI-1,SAYAJI-8,SAYAJI-21","Gujarat","Private Unaided (Recognized)","Higher Secondary only/Jr. College","390024"
"24191307002","DELHI PUBLIC SCHOOL (CBSE)","VADODARA","EL WARD 4 FATEPURA -1","Gujarat","Private Unaided (Recognized)","Pri. with Upper Pri. Sec. and H.Sec.","390022"
"24191305215","AMBE VIDYALAYA (ENG)","VADODARA","SAYAJI GANJ WARD- 6","Gujarat","Private Unaided (Recognized)","Pri. with Upper Pri. Sec. and H.Sec.","390024"
"24191305214","AMBE VIDYALAYA (GUJ)","VADODARA","SAYAJI GANJ WARD- 6","Gujarat","Private Unaided (Recognized)","Pri. Upper Pri. and Secondary Only","390024"
"24191102701","DAJIPURA PRI.SCH.","VADODARA","SINDHROT","Gujarat","Local body","Primary with Upper Primary","391330"
"24191210001","PUNIT NAGAR PRI.SCH.","VADODARA","NIMETA","Gujarat","Local body","Primary with Upper Primary","390019"
"24191300354","ATHRAVA VIDYALAYA (GUJ)","VADODARA","BELBAG-7,PRTAPGNJ,FATEGNJ,NIZAMPURA","Gujarat","Private Unaided (Recognized)","Pri. with Upper Pri. Sec. and H.Sec.","391740"
"24191104903","GLOBAL DISCOVERY SCHOOL","VADODARA","HARANI","Gujarat","Private Unaided (Recognized)","Pri. Upper Pri. and Secondary Only","390022"
"24191111402","PODAR WORLD SCHOOL CBSE","VADODARA","SAMA","Gujarat","Private Unaided (Recognized)","Pri. with Upper Pri. Sec. and H.Sec.","391740"
"24191300307","ATHARVA VIDHYALAY (ENG)","VADODARA","BELBAG-7,PRTAPGNJ,FATEGNJ,NIZAMPURA","Gujarat","Private Unaided (Recognized)","Pri. with Upper Pri. Sec. and H.Sec.","391740"
"24191204315","KASHIPURA PRI. SCH.","VADODARA","GUTAL","Gujarat","Local body","Primary","391760"
"24191300637","PODAR WORLD SCHOOL (CBSE)","VADODARA","MAKARPURA WARD 4","Gujarat","Private Unaided (Recognized)","Primary with Upper Primary","390010"
"24191106611","RELIANCE SCHOOL - ENGLISH","VADODARA","KARODIYA","Gujarat","Private Unaided (Recognized)","Pri. with Upper Pri. Sec. and H.Sec.","391345"
"24191106610","RELIANCE SCHOOL - GUJARATI","VADODARA","KARODIYA","Gujarat","Private Unaided (Recognized)","Pri. with Upper Pri. Sec. and H.Sec.","391345"
"24191214701","Smt C.M.DHIYA SARVAGANIK HIGH SCHOOL","VADODARA","NIMETA","Gujarat","Government Aided","Secondary Only","390019"
"24191101319","BASELIOS PUBLIC SCHOOL","VADODARA","BAJVA","Gujarat","Private Unaided (Recognized)","Pri. with Upper Pri. Sec. and H.Sec.","391320"
"24191107603","KOYALI VIDHYAMANDIR","VADODARA","KOYLI","Gujarat","Government Aided","Upper Primary only","391330"
"24191107604","KOYALI  VIDHYAMANDIR PRI","VADODARA","KOYLI","Gujarat","Private Unaided (Recognized)","Primary","391330"
"24191210601","RAVAL PRI.SCH.","VADODARA","RAVAL","Gujarat","Local body","Primary with Upper Primary","391760"
"24191204307","RAJNAGAR PRI. SCH.","VADODARA","MADODHAR","Gujarat","Local body","Primary with Upper Primary","391760"
"24191305222","NEW SARWA MANGAL SCHOOL (GUJ)","VADODARA","SAYAJI GANJ WARD- 6","Gujarat","Private Unaided (Recognized)","Primary",""
"24191305221","NEW SARWA MANGAL SCHOOL (ENG)","VADODARA","SAYAJI GANJ WARD- 6","Gujarat","Private Unaided (Recognized)","Primary with Upper Primary","390017"
"24191114501","VEMALI PRI.SCH.","VADODARA","VEMALI","Gujarat","Local body","Primary with Upper Primary","390024"
"24191210004","GHANSHYAMPURA PARMARY SCH.","VADODARA","NIMETA","Gujarat","Local body","Primary","390019"
"24191106601","KARODIYA - 1 PRI.SCH.","VADODARA","KARODIYA","Gujarat","Local body","Primary with Upper Primary","391310"
"24191204309","MADODHAR N.V. PRI. SCH.","VADODARA","MADODHAR","Gujarat","Local body","Primary","391760"
"24191211101","RUMIPURA PRI.SCH.","VADODARA","DUNDELAV","Gujarat","Local body","Primary","391760"
"24191106604","PARANA HINDI VIDHYALYA","VADODARA","KARODIYA","Gujarat","Private Unaided (Recognized)","Primary with Upper Primary","391310"
"24191107401","KOTALI PRI.SCH.","VADODARA","KOTALI","Gujarat","Local body","Primary with Upper Primary","390022"
"24191106606","ST PAUL S SCH - ENG","VADODARA","UNDERA","Gujarat","Private Unaided (Recognized)","Primary with Upper Primary","391330"
"24191106607","SARASWATI VIDHYALAYA","VADODARA","KARODIYA","Gujarat","Private Unaided (Recognized)","Pri. Upper Pri. and Secondary Only","391310"
"24191106605","ST PAUL S SCH- GUJ","VADODARA","UNDERA","Gujarat","Private Unaided (Recognized)","Primary with Upper Primary","391330"
"24191106602","KARODIYA - 2 PRI.SCH.","VADODARA","KARODIYA","Gujarat","Local body","Primary with Upper Primary","391310"
"24191107602","KOYLI KANYA PRI.SCH.","VADODARA","KOYLI","Gujarat","Local body","Primary with Upper Primary","391330"
"24191210003","MORALIPURA PRIMARY SCHOOL","VADODARA","PUNIT NAGAR","Gujarat","Local body","Primary","390019"
"24191106608","ST. PAUL SCHOOL- GUJARATI","VADODARA","UNDERA","Gujarat","Private Unaided (Recognized)","Secondary Only","391330"
"24191106609","ST. PAUL SCHOOL - ENGLISH","VADODARA","UNDERA","Gujarat","Private Unaided (Recognized)","Secondary Only","391330"
"24191106612","SHREE VIDYASAGAR SCHOOOL","VADODARA","KARODIYA","Gujarat","Private Unaided (Recognized)","Primary","391310"
"24191107601","KOYLI KUMAR PRI.SCH.","VADODARA","KOYLI","Gujarat","Local body","Primary with Upper Primary","391330"
"24191105302","INDIRANAGAR PRI SCH (KOYALI)","VADODARA","KOYLI","Gujarat","Local body","Primary with Upper Primary","391330"
"24191107501","KOTANA PRI.SCH.","VADODARA","KOTANA","Gujarat","Local body","Primary with Upper Primary","391330"
"24191102206","GUJARAT PUBLIC SCHOOL SEC","VADODARA","CHHANI","Gujarat","Private Unaided (Recognized)","Pri. with Upper Pri. Sec. and H.Sec.","390024"
"24191101320","GUJARAT REFINERY ENGLISH MEDIUM SCHOOL","VADODARA","UNDERA","Gujarat","Private Unaided (Recognized)","Primary with Upper Primary","391320"
"24191102201","CHHANI KUMAR PRI.SCH.","VADODARA","CHHANI","Gujarat","Local body","Primary with Upper Primary","391740"
"24191101313","PRERNA HINDI VIDHYALAYA","VADODARA","KARODIYA","Gujarat","Private Unaided (Recognized)","Secondary with Higher Secondary","391310"
"24191105701","JASHAPURA PRI. SCHOOL","VADODARA","SHERKHI","Gujarat","Local body","Primary with Upper Primary","391330"
"24191113803","MODERAN SCH","VADODARA","UNDERA","Gujarat","Private Unaided (Recognized)","Primary with Upper Primary","391310"
"24191102202","CHHANI KANYA PRI.SCH.","VADODARA","CHHANI","Gujarat","Local body","Primary with Upper Primary","391740"
"24191102207","GUJARAT PUBLIC SCHOOL UPPER PRI","VADODARA","CHHANI","Gujarat","Private Unaided (Recognized)","Pri. Upper Pri. and Secondary Only","390024"
"24191102205","GUJARAT PUBLIC SCHOOL PRI","VADODARA","CHHANI","Gujarat","Private Unaided (Recognized)","Primary with Upper Primary","390024"
"24191210802","AAJAWA COMPOUND PRI SCH","VADODARA","RAYAN TALAVADI","Gujarat","Local body","Primary","391760"
"24191101601","BHATHUJI NAGAR(CHHANI-3) SCH","VADODARA","BHATHUJI NAGAR","Gujarat","Local body","Primary","391740"
"24191102204","SHREE GANGABAI SARVAJANIK HIGH SCHOOL","VADODARA","CHHANI","Gujarat","Government Aided","Secondary with Higher Secondary","391740"
"24191102203","SHREE GANGABAI SARVAGANIK HIGH SCH","VADODARA","CHHANI","Gujarat","Government Aided","Primary with Upper Primary","391740"
"24191101318","SHREE B.D. THAKKAR VIDHYALAYA","VADODARA","BAJVA","Gujarat","Private Unaided (Recognized)","Primary with Upper Primary","391310"
"24191101311","VAKAL VIDHYALAY","VADODARA","BAJVA","Gujarat","Government Aided","Upper Primary only","391310"
"24191101317","SHREE MAHIREVA ADARSH VIDHYALAYA","VADODARA","BAJVA","Gujarat","Government Aided","Secondary with Higher Secondary","391310"
"24191101315","VAKAD VIDYALAYA BAJAWA-SEC","VADODARA","BAJVA","Gujarat","Government Aided","Secondary with Higher Secondary","391310"
"24191101310","MAHIREVA  ADARSH VIDHYALAYA","VADODARA","BAJVA","Gujarat","Government Aided","Upper Primary only","391310"
"24191113805","MODERN PUBLIC SCHOOL","VADODARA","UNDERA","Gujarat","Private Unaided (Recognized)","Primary with Upper Primary","391310"
"24191101316","MODERN SCHOOL ( 9 & 10)","VADODARA","UNDERA","Gujarat","Private Unaided (Recognized)","Secondary Only","391310"
"24191100301","AAMLIYA PURA PRI.SCH.","VADODARA","AAMLIYARA","Gujarat","Local body","Primary with Upper Primary","390022"
"24191207001","KUMETHA PRI.SCH.","VADODARA","KUMETHA","Gujarat","Local body","Primary with Upper Primary","391510"
"24191101308","FERTILIZERNAGAR PRI SCH-GUJ","VADODARA","DASHRATH","Gujarat","Government Aided","Primary with Upper Primary","391750"
"24191204314","JUNA RAMPURA NAVI VASAHAT","VADODARA","GUTAL","Gujarat","Local body","Primary","391760"
"24191101309","BAJWA 1 GROUP SCH","VADODARA","BAJVA","Gujarat","Local body","Primary with Upper Primary","391310"
"24191102401","CHHYA PURI PRI.SCH.","VADODARA","DASHRATH","Gujarat","Local body","Primary","391310"
"24191101321","VIBRANT WAVES INTERNATIONAL","VADODARA","BAJVA","Gujarat","Private Unaided (Recognized)","Pri. Upper Pri. and Secondary Only","391310"
"24191305210","GIRIRAJ VIDHYALAY","VADODARA","CHHANI","Gujarat","Private Unaided (Recognized)","Primary with Upper Primary","391740"
"24191101323","VAKAL VIDHYALAYA (NON GRANTED)","VADODARA","BAJVA","Gujarat","Private Unaided (Recognized)","Primary","391310"
"24191101302","BAJVA - 2 PRI.SCH.","VADODARA","BAJVA","Gujarat","Local body","Primary with Upper Primary","391310"
"24191101303","BAJVA - 3 PRI.SCH.","VADODARA","BAJVA","Gujarat","Local body","Primary with Upper Primary","391310"
"24191204316","JUNARAMPURA PRI SCH.","VADODARA","GUTAL","Gujarat","Local body","Primary with Upper Primary","391760"
"24191210801","RAYAN TALAVADI PRI.SCH.","VADODARA","RAYAN TALAVADI","Gujarat","Local body","Primary","391760"
"24191103201","DENA PRI.SCH.","VADODARA","DENA","Gujarat","Local body","Primary with Upper Primary","390022"
"24191108902","NARAYAN NAGAR (CHHANI-4) SCH","VADODARA","NARAYAN NAGAR","Gujarat","Local body","Primary","391740"
"24191113302","SUKHALI PURA PRI SCH.","VADODARA","SUKHALI PURA","Gujarat","Local body","Primary with Upper Primary","390017"
"24191103702","GOVT. HIGH SCHOOL DUMAD","VADODARA","DUMAD","Gujarat","Department of Education","Secondary Only","391740"
"24191101312","FARTILIZZERNAGAR SCHOOL _ENG","VADODARA","DASHRATH","Gujarat","Government Aided","Secondary with Higher Secondary","391750"
"24191103701","DUMAD PRI.SCH.","VADODARA","DUMAD","Gujarat","Local body","Primary with Upper Primary","391740"
"24191102702","UTTAR BUNIYADI VIDHYALAYA","VADODARA","SINDHROT","Gujarat","Government Aided","Secondary Only","391330"
"24191109201","OAMKAR PURA PRI.SCH.","VADODARA","DUMAD","Gujarat","Local body","Primary","391740"
"24191104201","GANPAT PURA PRI.SCH.","VADODARA","DUMAD","Gujarat","Local body","Primary","391740"
"24191103401","DHANORA PRI.SCH.","VADODARA","DHANORA","Gujarat","Local body","Primary with Upper Primary","391346"
"24190210002","THAR VASA NAVI VASAHAT SCH","VADODARA","THAR VASA","Gujarat","Local body","Primary","391110"
"24191106401","KARACHIYA PRI.SCH.","VADODARA","KARACHIYA","Gujarat","Local body","Primary with Upper Primary","391310"
"24191211401","SAKARIYA PRI.SCH.","VADODARA","SAKARIYA","Gujarat","Local body","Primary with Upper Primary","391510"
"24191200601","AAMALIPURA PRI.SCH.","VADODARA","RAYAN TALAVADI","Gujarat","Local body","Primary","391760"
"24191107702","KRUSHAN NAGAR PRI SCH (ANGADH)","VADODARA","ANAGADH","Gujarat","Local body","Primary","391330"
"24191204306","GUTAL PRI. SCH.","VADODARA","GUTAL","Gujarat","Local body","Primary with Upper Primary","391760"
"24191114201","VAKHATPURA PRI.SCH.","VADODARA","ANAGADH","Gujarat","Local body","Primary with Upper Primary","391330"
"24191204308","N.V. GUTAL PRI. SCH.","VADODARA","GUTAL","Gujarat","Local body","Primary","391760"
"24191202001","BHAV PURA PRI.SCH.","VADODARA","BHAV PURA","Gujarat","Local body","Primary","391510"
"24191204317","SHREE GAYATRI VIDHYALAYA","VADODARA","GUTAL","Gujarat","Government Aided","Secondary with Higher Secondary","391760"
"24191110001","RAJGADH PRI.SCH.","VADODARA","ANAGADH","Gujarat","Local body","Primary","391330"
"24191101326","FARTILIZERNAGAR SCHOOL-ENG PRI.","VADODARA","DASHRATH","Gujarat","Government Aided","Primary with Upper Primary",""
"24191103104","ANKUR VIDHYALAYA","VADODARA","DASHRATH","Gujarat","Private Unaided (Recognized)","Pri. Upper Pri. and Secondary Only","391740"
"24191111901","SANT SHREE BHATHI RAM PRI.SCH.","VADODARA","ANAGADH","Gujarat","Local body","Primary with Upper Primary","391330"
"24191100402","RAMPURA(AANGADH) PRI SCH","VADODARA","DHANORA","Gujarat","Local body","Primary with Upper Primary","391330"
"24191105301","INDIRA NAGARA PRI SCH (CHHANI)","VADODARA","DASHRATH","Gujarat","Local body","Primary with Upper Primary","391740"
"24191103103","M.P.PATEL HIGH SCHOOL","VADODARA","DASHRATH","Gujarat","Government Aided","Secondary with Higher Secondary","391740"
"24191100401","AANGADH PRI SCH","VADODARA","ANAGADH","Gujarat","Local body","Primary with Upper Primary","391330"
"24191100403","AAI SHREE KHODIYAR ENG. SCHOOL","VADODARA","ANAGADH","Gujarat","Government Aided","Secondary with Higher Secondary","391330"
"24191201701","BHANIYARA PRI.SCH.","VADODARA","BHANIYARA","Gujarat","Local body","Primary with Upper Primary","391510"
"24191103105","SUNRISE VIDHYA VILAS SCHOOL- ENG","VADODARA","DASHRATH","Gujarat","Private Unaided (Recognized)","Pri. Upper Pri. and Secondary Only","391740"
"24191108001","MADHAV NAGAR PRI.SCH.","VADODARA","DASHRATH","Gujarat","Local body","Primary","391740"
"24191114601","VIROD PRI.SCH.","VADODARA","VIROD","Gujarat","Local body","Primary with Upper Primary","390022"
"24191203403","Ganeshpura Vibhag high school","VADODARA","GANESH PURA","Gujarat","Government Aided","Secondary Only","391510"
"24191103101","DASHRATH PRI.SCH.","VADODARA","DASHRATH","Gujarat","Local body","Primary with Upper Primary","391740"
"24191210501","RASULABAD PRI.SCH.","VADODARA","RASULABAD","Gujarat","Local body","Primary with Upper Primary","391760"
"24191110301","RAMGADH PRI.SCH.","VADODARA","ANAGADH","Gujarat","Local body","Primary with Upper Primary","391330"
"24191204311","VACHALA KARMASIYA PRI. SCH.","VADODARA","KHEDA KARAMSIYA","Gujarat","Local body","Primary","391510"
"24191204310","RANCHODPURA PRI. SCH.","VADODARA","NAVAGAMA","Gujarat","Local body","Primary","391510"
"24191204701","IANTOLI PRI.SCH.","VADODARA","IANTOLI","Gujarat","Local body","Primary with Upper Primary","391510"
"24191204901","JAFAR PURA PRI.SCH.","VADODARA","JAFAR PURA","Gujarat","Local body","Primary","391510"
"24191112901","SINHAKUI PRI SCH.","VADODARA","ANAGADH","Gujarat","Local body","Primary with Upper Primary","391340"
"24191206901","KOTAMBI PRI.SCH.","VADODARA","KOTAMBI","Gujarat","Local body","Primary with Upper Primary","391510"
"24191113001","SISVA PRI.SCH.","VADODARA","SISVA","Gujarat","Local body","Primary with Upper Primary","391740"
"24191110602","RANOLI KANYA PRI.SCH.","VADODARA","RANOLI","Gujarat","Local body","Primary with Upper Primary","391350"
"24191110601","RANOLI KUMAR PRI.SCH.","VADODARA","RANOLI","Gujarat","Local body","Primary with Upper Primary","391350"
"24191110604","SHREE K V ENGLISH SCHOOL- RANOLI","VADODARA","RANOLI","Gujarat","Private Unaided (Recognized)","Primary with Upper Primary","391350"
"24191110605","SHREE K V ENGLISH SCHOOL- RANOLI","VADODARA","RANOLI","Gujarat","Government Aided","Secondary with Higher Secondary","391350"
"24191205001","JAMBUDIYA PURA PRI.SCH.","VADODARA","KOTAMBI","Gujarat","Local body","Primary","391510"
"24191204305","NAVGAMA PRI. SCH.","VADODARA","NAVAGAMA","Gujarat","Local body","Primary with Upper Primary","391510"
"24191210502","RASULABAD N V PRI.SCH.","VADODARA","RASULABAD","Gujarat","Local body","Primary","391510"
"24191100102","AAJOD PRI SCH","VADODARA","AAJOD","Gujarat","Local body","Primary with Upper Primary","391740"
"24191202401","CHHELLA KARAMSIYA PRI SCH","VADODARA","KHEDA KARAMSIYA","Gujarat","Local body","Primary with Upper Primary","391510"
"24191110603","RANOLI STATION PRI.SCH.","VADODARA","RANOLI","Gujarat","Local body","Primary","391350"
"24191203401","GANESH PURA PRI.SCH.","VADODARA","GANESH PURA","Gujarat","Local body","Primary","391760"
"24191203402","GANESHPURA PRI SCHOOL","VADODARA","GORAJ","Gujarat","Local body","Primary with Upper Primary","391510"
"24191207301","MACHHALIPURA PRI.SCH.","VADODARA","KOTAMBI","Gujarat","Local body","Primary","391510"
"24191108801","NANDESARI PRI.SCH.","VADODARA","NANDESARI","Gujarat","Local body","Primary with Upper Primary","391340"
"24191201101","AMRUTPURA PRI.SCH.","VADODARA","AMRUTPURA","Gujarat","Local body","Primary","390015"
"24191111001","RUPAPURA PRI.SCH.","VADODARA","NANDESARI","Gujarat","Local body","Primary with Upper Primary","391340"
"24191101202","VINAY VIDHYALAYA ASOJ","VADODARA","ASOJ","Gujarat","Government Aided","Secondary Only","391745"
"24191101201","ASOJ PRI.SCH.","VADODARA","ASOJ","Gujarat","Local body","Primary with Upper Primary","391745"
"24191107802","CHAMPAPURA PRI SCHOOL","VADODARA","SHOKHADA","Gujarat","Local body","Primary","391745"
"24190903301","DARJI PURA PRI.SCH.","VADODARA","DARJIPURA","Gujarat","Local body","Primary","391745"
"24191208802","GURUKRUPA VIDHAYALAYA","VADODARA","NAVAGAMA","Gujarat","Government Aided","Secondary Only","391510"
"24191213901","VYANKAT PURA PRI.SCH.","VADODARA","VYANKAT PURA","Gujarat","Local body","Primary with Upper Primary","391510"
"24191109301","PADAMLA PRI.SCH.","VADODARA","PADAMLA","Gujarat","Local body","Primary with Upper Primary","391350"
"24191210101","RAHKUI PRI.SCH.","VADODARA","RAIKUI","Gujarat","Local body","Primary","391510"
"24191206902","KOTAMBI N V PRI.SCH.","VADODARA","KOTAMBI","Gujarat","Local body","Primary","391510"
"24190907701","KALYAN PURA PRI.SCH.","VADODARA","KALYANPURA","Gujarat","Local body","Primary","391745"
"24191108804","SHREE NANDESARI VIDHYALAYA (9 TO 12)","VADODARA","NANDESARI","Gujarat","Government Aided","Secondary with Higher Secondary","391340"
"24191108803","NANDESARI VIDHYALAY 1 TO 8","VADODARA","NANDESARI","Gujarat","Private Unaided (Recognized)","Primary with Upper Primary","391340"
"24191103805","SARVODAY UTTARBUNIYADI VIDHYALAY- FAJALPURA","VADODARA","FAJALPUR","Gujarat","Government Aided","Secondary Only","391340"
"24191206602","SHREE KABIR SAHEB VIDHYA MANDIR","VADODARA","KHEDA KARAMSIYA","Gujarat","Government Aided","Secondary Only","391510"
"24191108805","SARVODAY VIDHYALAYA (HINDI M.)","VADODARA","NANDESARI","Gujarat","Private Unaided (Recognized)","Primary with Upper Primary","391340"
"24191214501","AMESHWARPURA PRI. SCH.","VADODARA","AMRESHWARPURA","Gujarat","Local body","Primary","391510"
"24191206601","KHEDA KARAMSIYA PRI.SCH.","VADODARA","KHEDA KARAMSIYA","Gujarat","Local body","Primary with Upper Primary","391510"
"24191112603","GURU JAGAJI MAHARAJ VIDHYAMANDIR","VADODARA","SHOKHADA","Gujarat","Government Aided","Upper Primary only","391745"
"24191112604","G J M VIDHYAMANDIR (9 TO 12)","VADODARA","SHOKHADA","Gujarat","Government Aided","Secondary with Higher Secondary","391745"
"24191112605","SHREE SHIVAM VIDHYALAYA","VADODARA","SHOKHADA","Gujarat","Private Unaided (Recognized)","Primary","391745"
"24191210102","RAHKUI N.V. PRI.SCH.","VADODARA","RAIKUI","Gujarat","Local body","Primary","391510"
"24191206801","KODARVAYA PRI.SCH.","VADODARA","KODARVAYA","Gujarat","Local body","Primary","391510"
"24191206002","KAMROL N.V. PRI.SCH.","VADODARA","KAMROL","Gujarat","Local body","Primary","391510"
"24191112602","SHOKHADA KANYA PRI.SCH.","VADODARA","SHOKHADA","Gujarat","Local body","Primary with Upper Primary","391745"
"24191112601","SHOKHADA KUMAR PRI.SCH.","VADODARA","SHOKHADA","Gujarat","Local body","Primary with Upper Primary","391745"
"24191206001","KAMROL PRI.SCH.","VADODARA","KAMROL","Gujarat","Local body","Primary with Upper Primary","391510"
"24191108802","NANDESARI (FOUR-WAY) PRI.SCH.","VADODARA","RAYAKA","Gujarat","Local body","Primary","391340"
"24191102901","DAMAPURA PRI.SCH.","VADODARA","DAMAPURA","Gujarat","Local body","Primary with Upper Primary","391340"
"24191108601","MOTIYA PURA PRI.SCH.","VADODARA","SHOKHADA","Gujarat","Local body","Primary with Upper Primary","391745"
"24191108501","MIRSAPUR PRI.SCH.","VADODARA","SHOKHADA","Gujarat","Local body","Primary with Upper Primary","391745"
"24191109801","RADHIYA PURA PRI.SCH.","VADODARA","DAMAPURA","Gujarat","Local body","Primary","391340"
"24191107801","LALJIPURA PRI.SCH.","VADODARA","SHOKHADA","Gujarat","Local body","Primary with Upper Primary","391745"
"24191111802","SUNSHINE SECONDARY SCHOOL","VADODARA","SANKARDA","Gujarat","Private Unaided (Recognized)","Secondary Only","391350"
"24191111801","SANKARDA PRI.SCH.","VADODARA","SANKARDA","Gujarat","Local body","Primary with Upper Primary","391350"
"24191105801","KAIVAL NAGAR PRI.SCH.","VADODARA","RAYAKA","Gujarat","Local body","Primary","391350"
"24191200401","AALAM GADH PRI.SCH.","VADODARA","KOTAMBI","Gujarat","Local body","Primary","391510"
"24191104401","GOHILPURA PRI.SCH.","VADODARA","DODAKA","Gujarat","Local body","Primary","391340"
"24190913501","PILOL PRI.SCH.","VADODARA","PILOL","Gujarat","Local body","Primary with Upper Primary","391745"
"24191108901","NARAYAN NAGAR PRI.SCH. SANKARDA","VADODARA","SANKARDA","Gujarat","Local body","Primary","391340"
"24191107701","KRUSHNAGAR PRI SCH (NANDESARI)","VADODARA","FAJALPUR","Gujarat","Local body","Primary","391340"
"24191106101","KALYANPURA PRI.SCH.","VADODARA","FAJALPUR","Gujarat","Local body","Primary","391340"
"24191207102","LILORA N.V. PRI.SCH.","VADODARA","VYANKAT PURA","Gujarat","Local body","Primary","391510"
"24191103802","FAJALPURA - 1 PRI.SCH.","VADODARA","FAJALPUR","Gujarat","Local body","Primary with Upper Primary","391340"
"24191103801","FAJALPURA-3 PRI SCHOOL","VADODARA","FAJALPUR","Gujarat","Local body","Primary","391340"
"24191103803","FAJALPURA - 2 PRI.SCH.","VADODARA","FAJALPUR","Gujarat","Local body","Primary","391340"
"24191210701","RAVPURA PRI.SCH.","VADODARA","KAMROL","Gujarat","Local body","Primary","391510"
"24191111201","SAKARIYAPURA PRI SCH","VADODARA","FAJALPUR","Gujarat","Local body","Primary","391340"
"24190906201","INDRAD PRI.SCH.","VADODARA","INDRAD","Gujarat","Local body","Primary with Upper Primary","391510"
"24191205202","JAROD KANYA PRI.SCH.","VADODARA","JAROD","Gujarat","Local body","Primary with Upper Primary","391510"
"24191204001","GOVINDPURA PRI.SCH.","VADODARA","JAROD","Gujarat","Local body","Primary","391510"
"24191205209","SHREE M.P. HIGH SCHOOL PRIMARY","VADODARA","JAROD","Gujarat","Private Unaided (Recognized)","Primary","391510"
"24191205212","SHRI M.P.UPPERPRIMARY SCHOOL","VADODARA","JAROD","Gujarat","Government Aided","Upper Primary only","391760"
"24191205204","SHREE M .P HIGH SCHOOL","VADODARA","JAROD","Gujarat","Government Aided","Secondary with Higher Secondary","391510"
"24191205201","JAROD KUMAR PRI.SCH.","VADODARA","JAROD","Gujarat","Local body","Primary with Upper Primary","391510"
"24191205207","NALANDA VIDHYALAYA ENGLISH MEDIAM","VADODARA","JAROD","Gujarat","Private Unaided (Recognized)","Primary with Upper Primary","391510"
"24191205206","NALANDA VIDHYALAYA","VADODARA","JAROD","Gujarat","Private Unaided (Recognized)","Primary with Upper Primary","391510"
"24191201901","BHAV NAGAR PURA PRI.SCH.","VADODARA","LILORA","Gujarat","Local body","Primary","391510"
"24190910308","GUJARAT PUBLIC SCHOOL MANJUSAR ENG MED.","VADODARA","MANJUSAR","Gujarat","Private Unaided (Recognized)","Primary with Upper Primary","391775"
"24190910307","GUJARAT PUBLIC SCHOOL MANJUSAR(GUJ MED)","VADODARA","MANJUSAR","Gujarat","Private Unaided (Recognized)","Primary with Upper Primary","391775"
"24191114401","VASANA KOTARIYA PRI.SCH.","VADODARA","VASANA-KOTARIYA","Gujarat","Local body","Primary with Upper Primary","391745"
"24191110804","SHREE BUDDHDEV VIDHYALAYA (1 TO 8)","VADODARA","RAYAKA","Gujarat","Private Unaided (Recognized)","Primary with Upper Primary","391340"
"24191207101","LILORA PRI.SCH.","VADODARA","LILORA","Gujarat","Local body","Primary with Upper Primary","391510"
"24190910304","ANJAL VIDHYALAYA ENG MED","VADODARA","MANJUSAR","Gujarat","Private Unaided (Recognized)","Primary with Upper Primary","391775"
"24191110803","SHREE BUDHDEV VIDHYALAYA RAYKA","VADODARA","RAYAKA","Gujarat","Government Aided","Secondary with Higher Secondary","391340"
"24190910303","ANJAL VIDHYALAYA GUJ MED","VADODARA","MANJUSAR","Gujarat","Private Unaided (Recognized)","Primary with Upper Primary","391775"
"24191205210","NISHKA SCHOOLS OF EXCELLENCE ENG MED","VADODARA","JAROD","Gujarat","Private Unaided (Recognized)","Primary with Upper Primary","391510"
"24191205211","NISHKA SCHOOLS OF EXCELLENCE GUJ MED","VADODARA","JAROD","Gujarat","Private Unaided (Recognized)","Primary with Upper Primary","391510"
"24191200101","AABHRAMPURA PRI.SCH.","VADODARA","AABHRAMPURA","Gujarat","Local body","Primary","391510"
"24190911101","MOTA PURA PRI.SCH.","VADODARA","MOTAPURA","Gujarat","Local body","Primary","391745"
"24190900202","ALINDRA UPER PRI.SCH.IDEX FOUNDATION","VADODARA","AALINDRA","Gujarat","Private Unaided (Recognized)","Upper Primary only","391775"
"24190900201","AALINDRA PRI.SCH.","VADODARA","AALINDRA","Gujarat","Local body","Primary","391775"
"24191110801","RAYAKA PRI.SCH.","VADODARA","RAYAKA","Gujarat","Local body","Primary with Upper Primary","391340"
"24191200903","ADIRAN PRI. SCH.","VADODARA","AASOJ","Gujarat","Local body","Primary with Upper Primary","391510"
"24191105601","JORAVAGO PRI.SCH.","VADODARA","DODAKA","Gujarat","Local body","Primary","391340"
"24190910301","MANJUSAR PRI.SCH.","VADODARA","MANJUSAR","Gujarat","Local body","Primary with Upper Primary","391775"
"24190921801","ZUMKAL PRI. SCH.","VADODARA","ZUMKAL","Gujarat","Local body","Primary","397517"
"24190910306","GOVT.SECONADRY SCHOOL MANJUSAR","VADODARA","MANJUSAR","Gujarat","Department of Education","Secondary Only","391775"
"24190921201","KHOKHAR PRI.SCH.","VADODARA","KHOKHAR","Gujarat","Local body","Primary with Upper Primary","391510"
"24190921403","LAKHAPURA PRI SCH.","VADODARA","KUNPAD","Gujarat","Local body","Primary","397517"
"24190921401","KUNPAD PRI.SCH.","VADODARA","KUNPAD","Gujarat","Local body","Primary with Upper Primary","391775"
"24191200907","SIHAPURA PRIMARY SCH.","VADODARA","AASOJ","Gujarat","Local body","Primary","391510"
"24191103601","DODAKA PRI.SCH.","VADODARA","DODAKA","Gujarat","Local body","Primary with Upper Primary","391340"
"24191205203","PALADI PRIMARY SCHOOL","VADODARA","JAROD","Gujarat","Local body","Primary with Upper Primary","391510"
"24190917401","SISODIYA PURA PRI.SCH.","VADODARA","SISODIYA PURA","Gujarat","Local body","Primary","391775"
"24191200908","PANCHDEVALA PRI. SCH","VADODARA","AASOJ","Gujarat","Local body","Primary","391510"
"24190904701","GARADHIYA PRI.SCH.","VADODARA","GARADHIYA","Gujarat","Local body","Primary","391520"
"24190916702","SENGVA PRI SCHOOL","VADODARA","SENGVA(MOKSI)","Gujarat","Local body","Primary with Upper Primary","391780"
"24190903901","DHANORA PRI.SCH.","VADODARA","DHANORA","Gujarat","Local body","Primary with Upper Primary","391510"
"24190920501","VEMAR PRI.SCH.","VADODARA","VEMAR","Gujarat","Local body","Primary with Upper Primary","391520"
"24190912801","PADHRO PRI.SCH.","VADODARA","PADHRO","Gujarat","Local body","Primary with Upper Primary","391780"
"24191200910","shree Sarswati Vidhaya Mandir","VADODARA","AASOJ","Gujarat","Government Aided","Secondary Only","391510"
"24190918601","VADADALA PRI.SCH.","VADODARA","VADADALA","Gujarat","Local body","Primary","391520"
"24191200909","AASOJ PRI. SCH","VADODARA","AASOJ","Gujarat","Local body","Primary with Upper Primary","391510"
"24191206501","KHANDIVADA PRI SCHOOL","VADODARA","KHANDIVADA","Gujarat","Local body","Primary","391510"
"24190909002","LOK VIDHYALAYA LAMDAPURA","VADODARA","LAMDA PURA","Gujarat","Government Aided","Secondary with Higher Secondary","391775"
"24190909003","LOK VIDHYALAY(PRIMARY)LAMDAPURA","VADODARA","LAMDA PURA","Gujarat","Private Unaided (Recognized)","Primary","391775"
"24190902601","CHANDRA NAGAR PRI.SCH.","VADODARA","CHANDRA NAGAR","Gujarat","Local body","Primary","391520"
"24190909001","LAMDA PURA PRI.SCH.","VADODARA","LAMDA PURA","Gujarat","Local body","Primary with Upper Primary","391775"
"24191200904","PRATAP PURA PRI. SCH.","VADODARA","SHARANEJ","Gujarat","Local body","Primary","391510"
"24191200906","JITPURA PRI. SCH.","VADODARA","SHARANEJ","Gujarat","Local body","Primary","391510"
"24190905801","HARIPURA PRI.SCH.","VADODARA","HARIPURA","Gujarat","Local body","Primary","391520"
"24190910904","UTSAV VIDHYALAYA","VADODARA","MOKSI","Gujarat","Private Unaided (Recognized)","Primary with Upper Primary","391780"
"24190910901","MOKSI PRI.SCH.","VADODARA","MOKSI","Gujarat","Local body","Primary with Upper Primary","391780"
"24190910902","SMT.D.P.PATEL HIGH SCHOOL MOKSHI","VADODARA","MOKSI","Gujarat","Government Aided","Secondary with Higher Secondary","391780"
"24191204401","HANSAPURA PRI SCH","VADODARA","HANSAPURA","Gujarat","Local body","Primary with Upper Primary","391510"
"24190913001","PALDI PRI.SCH.","VADODARA","PALDI","Gujarat","Local body","Primary","391775"
"24190913802","POICHA (RANIYA) PRI.SCH.","VADODARA","POICHA","Gujarat","Local body","Primary with Upper Primary","391780"
"24190920502","VEMAR VASAHAT PRI.SCH.","VADODARA","VEMAR","Gujarat","Local body","Primary","391520"
"24191200905","BODIDRA PRI. SCH","VADODARA","AASOJ","Gujarat","Local body","Primary","391510"
"24190921101","KHANDI PRI.SCH.","VADODARA","KHANDI","Gujarat","Local body","Primary with Upper Primary","391780"
"24190903801","DEVPURA PRI.SCH.","VADODARA","DEVPURA","Gujarat","Local body","Primary","391770"
"24190901102","SHREE LALJI MAHARAJ VIDHYALAYA ANJESAR","VADODARA","ANJESAR","Gujarat","Government Aided","Secondary with Higher Secondary","391775"
"24190901101","ANJESAR PRI.SCH.","VADODARA","ANJESAR","Gujarat","Local body","Primary with Upper Primary","391775"
"24190918202","PATEL JETHABHAI P. VIDHYALAYA TUNDAV","VADODARA","TUNDAV","Gujarat","Government Aided","Secondary with Higher Secondary","391775"
"24190918201","TUNDAV PRI.SCH.","VADODARA","TUNDAV","Gujarat","Local body","Primary with Upper Primary","391775"
"24191211801","SHARNEJ PRI SCH","VADODARA","SHARANEJ","Gujarat","Local body","Primary with Upper Primary","391760"
"24190900101","AADALVADA PRI.SCH.","VADODARA","AADALVADA","Gujarat","Local body","Primary","391510"
"24191200902","RAJPURA PRI. SCH","VADODARA","RAJUPURA","Gujarat","Local body","Primary with Upper Primary","391510"
"24190909601","MAHAPURA PRI.SCH.","VADODARA","MAHAPURA","Gujarat","Local body","Primary","391780"
"24190911001","MOTA MOTIPURA PRI.SCH.","VADODARA","MOTA MOTIPURA","Gujarat","Local body","Primary","391520"
"24190917701","SUBHELAV PRI.SCH.","VADODARA","SUBHELAV","Gujarat","Local body","Primary","391775"
"24190922201","MANINAGAR","VADODARA","MANINAGAR","Gujarat","Local body","Primary with Upper Primary","391520"
"24190916203","SHREE P.S.L. VIDHYALAYA","VADODARA","SAMLAYA","Gujarat","Government Aided","Upper Primary only","391520"
"24190908601","KHANDERAVPURA PRI.SCH.","VADODARA","KHANDERAV PURA","Gujarat","Local body","Primary","391520"
"24190922001","JALAMPURA PRI. SCH.","VADODARA","JALAMPURA","Gujarat","Local body","Primary with Upper Primary","391780"
"24190904601","GANGADIYA PRI.SCH.","VADODARA","GANGADIYA","Gujarat","Local body","Primary","391520"
"24190916901","SHANKAR PURA PRI.SCH.","VADODARA","SHANKAR PURA","Gujarat","Local body","Primary","391520"
"24190917501","SITAPURA PRI.SCH.","VADODARA","SITAPURA","Gujarat","Local body","Primary","391520"
"24190916204","SHREE P.S.L VIDHYALAYA","VADODARA","SAMLAYA","Gujarat","Government Aided","Secondary Only","391507"
"24190909101","LASUNDRA PRI.SCH.","VADODARA","LASUNDRA","Gujarat","Local body","Primary with Upper Primary","391775"
"24190915301","RANIYA PRI.SCH.","VADODARA","RANIYA","Gujarat","Local body","Primary with Upper Primary","391780"
"24190916201","SAMLAYA STATION PRI.SCH.","VADODARA","SAMLAYA","Gujarat","Local body","Primary with Upper Primary","391520"
"24190909501","LOTANA PRI.SCH.","VADODARA","LOTANA","Gujarat","Local body","Primary","391510"
"24191210302","LATE MANIBEN CHHOTABHAI PATEL Shantiniketan Vidhya Mandir","VADODARA","RAJUPURA","Gujarat","Government Aided","Secondary Only","391510"
"24190913401","PASVA PRI.SCH.","VADODARA","PASVA","Gujarat","Local body","Primary with Upper Primary","391520"
"24190911701","NAMISARA PRI.SCH.","VADODARA","NAMISARA","Gujarat","Local body","Primary with Upper Primary","391775"
"24190913901","PRATAP NAGAR VASAHAT PRI.SCH.","VADODARA","PRATAP NAGAR VASAHAT","Gujarat","Local body","Primary","391520"
"24190902901","CHOKIPURA PRI.SCH.","VADODARA","CHOKIPURA","Gujarat","Local body","Primary","391780"
"24190912301","NATVAR NAGAR PRI.SCH.","VADODARA","NATVAR NAGAR","Gujarat","Local body","Primary with Upper Primary","391780"
"24190911401","MUNDHELA PRI.SCH.","VADODARA","MUNDHELA","Gujarat","Local body","Primary","391510"
"24190916001","SADRA PRI.SCH.","VADODARA","SADRA","Gujarat","Local body","Primary","391510"
"24190913301","PARTHAM PURA (KHANDI) PRI.SCH.","VADODARA","PARTHAM PURA","Gujarat","Local body","Primary","391780"
"24190903701","DEVNAGAR PRI.SCH.","VADODARA","DEVNAGAR","Gujarat","Local body","Primary","391780"
"24190916202","SAMLAYA GAM PRI.SCH.","VADODARA","SAMLAYA","Gujarat","Local body","Primary with Upper Primary","391520"
"24190912302","SANSKAR BHARTI VIDHYALAYA NATVAR NAGAR","VADODARA","NATVAR NAGAR","Gujarat","Government Aided","Secondary with Higher Secondary","391780"
"24190905103","BAHUTHA PRI.SCH.","VADODARA","GOTHADA","Gujarat","Local body","Primary with Upper Primary","391775"
"24190915201","RANIPURA(B) PRI.SCH.","VADODARA","RANCHHODPURA","Gujarat","Local body","Primary","391780"
"24190909502","LOTANA N.V. PRI.SCH.","VADODARA","LOTANA","Gujarat","Local body","Primary","391770"
"24190901904","GR.BHAGAT PRIMARY VIBHAG","VADODARA","BHADRAVA","Gujarat","Private Unaided (Recognized)","Primary","391780"
"24190901903","G.R.BHAGAT  SEC AND HIGH SEC. VIBHAG","VADODARA","BHADRAVA","Gujarat","Government Aided","Secondary with Higher Secondary","391780"
"24190901905","GR.BHAGAT UPPER PRIMARY VIBHAG","VADODARA","BHADRAVA","Gujarat","Government Aided","Upper Primary only","391780"
"24190901902","BHADRAVA KANYA PRI.SCH.","VADODARA","BHADRAVA","Gujarat","Local body","Primary with Upper Primary","391780"
"24190901901","BHADRAVA KUMAR PRI.SCH.","VADODARA","BHADRAVA","Gujarat","Local body","Primary with Upper Primary","391780"
"24190918501","UTTAMNAGAR PRI.SCH.","VADODARA","UTTAM NAGAR","Gujarat","Local body","Primary","391510"
"24190914101","RADHAN PURA PRI.SCH.","VADODARA","RAGHAN PURA","Gujarat","Local body","Primary","391775"
"24190916205","MANORPURA PRIMARY SCHOOL","VADODARA","SAMLAYA","Gujarat","Local body","Primary","391520"
"24190904801","GHANTIYAL PRI.SCH.","VADODARA","GHANTIYAL","Gujarat","Local body","Primary with Upper Primary","391510"
"24190911901","NANI BHADOL PRI.SCH.","VADODARA","NANI BHADOL","Gujarat","Local body","Primary with Upper Primary","391520"
"24190908101","KARACHIYA PRI.SCH.","VADODARA","KARACHIYA","Gujarat","Local body","Primary with Upper Primary","391520"
"24190915401","RANJIT NAGAR PRI.SCH.","VADODARA","RANJIT NAGAR","Gujarat","Local body","Primary with Upper Primary","391780"
"24190915001","RANCHHODPURA PRI.SCH.","VADODARA","RANCHHODPURA","Gujarat","Local body","Primary with Upper Primary","391780"
"24190900301","AMIR PURA PRI.SCH.","VADODARA","AMIR PURA","Gujarat","Local body","Primary","391775"
"24190903001","CHORPURA PRI.SCH.","VADODARA","CHORPURA","Gujarat","Local body","Primary","391770"
"24190907901","KAMBOLA PRI.SCH.","VADODARA","KAMBOLA","Gujarat","Local body","Primary","391510"
"24190915202","RANIPURA PRI.SCH.","VADODARA","RANIPURA","Gujarat","Local body","Primary with Upper Primary","391520"
"24190906901","JEPURA PRI.SCH.","VADODARA","JEPURA","Gujarat","Local body","Primary","391510"
"24190905102","GOTHADA PRI.SCH.-2","VADODARA","GOTHADA","Gujarat","Local body","Primary with Upper Primary","391770"
"24190919403","UTKARSH PRI. VIDYALAY","VADODARA","VANKANER","Gujarat","Private Unaided (Recognized)","Primary with Upper Primary","391780"
"24190919404","N.B.BHAVSAR HIGH SCHOOL VANKANER","VADODARA","VANKANER","Gujarat","Government Aided","Secondary with Higher Secondary","391780"
"24190908501","KHAKHARIYA PRI.SCH.","VADODARA","KHAKHARIYA","Gujarat","Local body","Primary with Upper Primary","391510"
"24190909801","MAL AANKALIYA PRI.SCH.","VADODARA","MAL AANKALIYA","Gujarat","Local body","Primary","391520"
"24190919401","VANKANER PRI.SCH.","VADODARA","VANKANER","Gujarat","Local body","Primary with Upper Primary","391780"
"24190917101","SHERPURA PRI.SCH.","VADODARA","SHERPURA","Gujarat","Local body","Primary","391770"
"24190908502","SMT.K.H.PATEL JANPAD VIDHYAMANDIR","VADODARA","KHAKHARIYA","Gujarat","Government Aided","Secondary with Higher Secondary","391510"
"24191416802","SHAHEPURA PRI.SHALA","VADODARA","SHAHEPURA","Gujarat","Local body","Primary with Upper Primary","391774"
"24190905106","VIKAS VIDHYALAYA GOTHDA","VADODARA","GOTHADA","Gujarat","Government Aided","Secondary Only","391770"
"24190902501","CHAMPANER ROAD PRI.SCH.","VADODARA","CHAMPANER ROAD","Gujarat","Local body","Primary with Upper Primary","391510"
"24190905101","GOTHADA PRI.SCH.","VADODARA","GOTHADA","Gujarat","Local body","Primary with Upper Primary","391770"
"24190919402","VANKANER - 2 RANAVAS PRI.SCH.","VADODARA","VANKANER","Gujarat","Local body","Primary","391780"
"24190911201","MOTI BHADOL PRI.SCH.","VADODARA","MOTI BHADOL","Gujarat","Local body","Primary with Upper Primary","391520"
"24190905105","FATIMA HIGH SCHOOL GOTHADA","VADODARA","GOTHADA","Gujarat","Government Aided","Secondary with Higher Secondary","391770"
"24190905104","SEVANIKETAN PRI. SCH.","VADODARA","GOTHADA","Gujarat","Private Unaided (Recognized)","Primary with Upper Primary","391770"
"24190907902","KAMBOLA N.V. PRI.SCH.","VADODARA","KAMBOLA","Gujarat","Local body","Primary","391510"
"24190918701","VADIYA PRI.SCH.","VADODARA","VADIYA","Gujarat","Local body","Primary with Upper Primary","391520"
"24190914201","RAHAT NAGAR PRI.SCH.","VADODARA","RAHAT NAGAR","Gujarat","Local body","Primary","391780"
"24190918703","SHREE BHAKTI UTTARBUNIYADI VIDHYALAYA","VADODARA","VADIYA","Gujarat","Government Aided","Secondary Only","391520"
"24190916620","GOVT.SAVLI ENGLISH MED.PRI.SCH.","VADODARA","SAVLI","Gujarat","Local body","Primary","391770"
"24190916614","ADARSH NIVASI SHALA SAVLI","VADODARA","SAVLI","Gujarat","Government Aided","Secondary with Higher Secondary","391770"
"24190916501","SARDARPURA PRI.SCH.","VADODARA","SARDARPURA","Gujarat","Local body","Primary","391770"
"24190916606","SAVLI HIGH SCH . PRIMARY VIBHAG","VADODARA","SAVLI","Gujarat","Private Unaided (Recognized)","Primary","391770"
"24190911202","MOTIBHADOL NARMADA VASAHAT PRI","VADODARA","MOTI BHADOL","Gujarat","Local body","Primary","391520"
"24190916616","SAVLI HIGH SCH. UP.PRI.VIBHAG","VADODARA","SAVLI","Gujarat","Government Aided","Upper Primary only","391770"
"24190916610","HIMATLAL PURSHOTAMDAS SHETH KANYA","VADODARA","SAVLI","Gujarat","Government Aided","Secondary with Higher Secondary","391770"
"24190916617","SAVLI HIGH SCH.SEC & HIGH SEC. VIBHAG","VADODARA","SAVLI","Gujarat","Government Aided","Secondary with Higher Secondary","391770"
"24190906701","JAVLA PRI.SCH.","VADODARA","JAVAL","Gujarat","Local body","Primary","391770"
"24190916604","TALUKA KUMAR SHADA SAVLI 1","VADODARA","SAVLI","Gujarat","Local body","Primary with Upper Primary","391770"
"24190912502","NAVAPUR (Z) PRI.SCH.","VADODARA","BHATPURA (SAVLI)","Gujarat","Local body","Primary","391770"
"24190910601","MEVALIYA PURA PRI.SCH.","VADODARA","MEVALIYA PURA","Gujarat","Local body","Primary","391770"
"24190916619","K.J.VIDHYAMANDIR - SAVLI (ENG MED)","VADODARA","SAVLI","Gujarat","Private Unaided (Recognized)","Pri. Upper Pri. and Secondary Only","391770"
"24190916618","K.J VIDHYAMANDIR - SAVLI (GUJ MED)","VADODARA","SAVLI","Gujarat","Private Unaided (Recognized)","Pri. with Upper Pri. Sec. and H.Sec.","391770"
"24190916602","SAVLI KUMAR PRI.SCH. - 2","VADODARA","SAVLI","Gujarat","Local body","Primary","391770"
"24190916603","SAVLI KANYA PRI.SCH. - 1","VADODARA","SAVLI","Gujarat","Local body","Primary with Upper Primary","391770"
"24190902701","CHARAN PURA PRI.SCH.","VADODARA","CHARAN PURA","Gujarat","Local body","Primary with Upper Primary","391770"
"24190916607","SHREE ADARSH PRI.SCHOOL-SAVLI","VADODARA","SAVLI","Gujarat","Government Aided","Primary","391770"
"24190916609","SHREE GANGOTRI VIDYALAYA","VADODARA","SAVLI","Gujarat","Private Unaided (Recognized)","Primary with Upper Primary","391770"
"24190916615","SHREE GANGOTRI HIGH SCHOOL","VADODARA","SAVLI","Gujarat","Government Aided","Secondary with Higher Secondary","391770"
"24190916608","ADARSH PRI SCHOOL","VADODARA","SAVLI","Gujarat","Private Unaided (Recognized)","Upper Primary only","391770"
"24190902301","BHATPURA (SAVLI) PRI.SCH.","VADODARA","BHATPURA (SAVLI)","Gujarat","Local body","Primary with Upper Primary","391770"
"24190912101","NARBHA PURA PRI.SCH.","VADODARA","NARBHA PURA","Gujarat","Local body","Primary","391510"
"24190917801","TADIYA PURA PRI.SCH.","VADODARA","TADIYA PURA","Gujarat","Local body","Primary with Upper Primary","391770"
"24190918101","TULSI PURA PRI.SCH.","VADODARA","TULSI PURA","Gujarat","Local body","Primary","391510"
"24190914801","RAMPURA PRI.SCH.","VADODARA","RAMPURA","Gujarat","Local body","Primary","391780"
"24190917802","GOVERNMENT SECONDARY SCH.TADIYAPURA","VADODARA","TADIYA PURA","Gujarat","Department of Education","Secondary Only","319770"
"24190918102","TULSI PURA PRI.SCH.-2","VADODARA","TULSI PURA","Gujarat","Local body","Primary with Upper Primary","391510"
"24190910101","MANKODIYA PURA PRI.SCH.","VADODARA","MANKODIPURA","Gujarat","Local body","Primary","391770"
"24190911501","MUVAL TANK PRI.SCH.","VADODARA","MUVAL TANK","Gujarat","Local body","Primary","391770"
"24190920801","ZAVERIPURA PRI.SCH.","VADODARA","ZAVERIPURA","Gujarat","Local body","Primary","391770"
"24190912501","NAVAPUR (K) PRI.SCH.","VADODARA","NAVAPURA","Gujarat","Local body","Primary with Upper Primary","391770"
"24190907801","KAMALPURA PRI.SCH.","VADODARA","KAMALPURA","Gujarat","Local body","Primary","391520"
"24190907101","JIT NAGAR PRI.SCH.","VADODARA","JIT NAGAR","Gujarat","Local body","Primary","391770"
"24190908201","KASHIYAPURA PRI.SCH.","VADODARA","KASHIYAPURA","Gujarat","Local body","Primary","391770"
"24190905601","GUTARIYA PURA PRI.SCH.","VADODARA","GUTARIYA PURA","Gujarat","Local body","Primary","391770"
"24191305219","AMBE PUBLIC SCHOOL (CBSE)","VADODARA","SAYAJI GANJ WARD- 6","Gujarat","Private Unaided (Recognized)","Pri. with Upper Pri. Sec. and H.Sec.","390024"
"24190920101","VASANPURA PRI.SCH.","VADODARA","VASANPURA","Gujarat","Local body","Primary","391770"
"24190902001","BHAGA NA MUVADA PRI.SCH.","VADODARA","BHAGA NA MUVADA","Gujarat","Local body","Primary","391510"
"24190904302","DUNGRAPURA PRI.SCH.","VADODARA","DUNGARI PURA","Gujarat","Local body","Primary","391770"
"24190912701","NIZAM PURA PRI.SCH.","VADODARA","NIZAM PURA","Gujarat","Local body","Primary","391770"
"24190906401","JABAPURA PRI.SCH.","VADODARA","JABAPURA","Gujarat","Local body","Primary","391770"
"24190908002","SHRI HARSIDDHI VIDHAYALAYA KANODA","VADODARA","KANODA","Gujarat","Government Aided","Secondary with Higher Secondary","391770"
"24190915801","RUPAN KUI PRI.SCH.","VADODARA","RUPAN KUI","Gujarat","Local body","Primary","391770"
"24190913801","POICHA  PRI.SCH.","VADODARA","POICHA","Gujarat","Local body","Primary with Upper Primary","391770"
"24190902401","BHAVANI PURA PRI.SCH.","VADODARA","BHAVANIPURA","Gujarat","Local body","Primary","391770"
"24190907201","JIT SINGPURA PRI.SCH.","VADODARA","JIT SINGPURA","Gujarat","Local body","Primary","391770"
"24190910001","MANIPURA PRI.SCH.","VADODARA","MANIPURA","Gujarat","Local body","Primary","391770"
"24190901601","BALANA PURA PRI.SCH.","VADODARA","BALANA PURA","Gujarat","Local body","Primary with Upper Primary","391770"
"24190908001","KANODA PRI.SCH.","VADODARA","KANODA","Gujarat","Local body","Primary with Upper Primary","391770"
"24190915601","RASUL PURA PRI.SCH.","VADODARA","RASUL PURA","Gujarat","Local body","Primary with Upper Primary","391770"
"24190915901","SADAPURA PRI.SCH.","VADODARA","SADAPURA","Gujarat","Local body","Primary","391530"
"24190904001","DHANTEJ PRI.SCH.","VADODARA","DHANTEJ","Gujarat","Local body","Primary with Upper Primary","391530"
"24190904003","GOVERNMENT SEC.SCH.DHANTEJ","VADODARA","DHANTEJ","Gujarat","Department of Education","Secondary Only","391530"
"24190900401","AANDHAR VADI PRI.SCH.","VADODARA","ANDHARVADI","Gujarat","Local body","Primary with Upper Primary","391770"
"24190915501","RASAVADI PRI.SCH.","VADODARA","RASAVADI","Gujarat","Local body","Primary with Upper Primary","391770"
"24190908702","MAHUDIYA PURA","VADODARA","LACHHAN PURA","Gujarat","Local body","Primary","391570"
"24190904301","DUNGARI PURA PRI.SCH.","VADODARA","DUNGARI PURA","Gujarat","Local body","Primary","391770"
"24190910702","PANDYA KAMLABEN LALJI MAHARAJ VIDHAYALAYA","VADODARA","MEVLI","Gujarat","Government Aided","Secondary Only","391770"
"24190910701","MEVLI PRI.SCH.","VADODARA","MEVLI","Gujarat","Local body","Primary with Upper Primary","391770"
"24190901201","BADANA MUVADA PRI.SCH.","VADODARA","BADANA MUVADA","Gujarat","Local body","Primary","391530"
"24190912601","NAHARPURA PRI.SCH.","VADODARA","NAHARPURA","Gujarat","Local body","Primary","391530"
"24190904401","GANDIYA PURA PRI.SCH.","VADODARA","GANDIYAPURA","Gujarat","Local body","Primary","391770"
"24190908701","LACHHANPURA PRI.SCH.","VADODARA","LACHHAN PURA","Gujarat","Local body","Primary with Upper Primary","391770"
"24190900601","AANANDI NA MUVADA PRI.SCH.","VADODARA","AANANDINA MUVADA","Gujarat","Local body","Primary with Upper Primary","391530"
"24190916101","SAMANT PURA PRI.SCH.","VADODARA","SAMANT PURA","Gujarat","Local body","Primary","391770"
"24190909201","LATIYA PURA PRI.SCH.","VADODARA","LATIYA PURA","Gujarat","Local body","Primary with Upper Primary","391530"
"24190913302","PARTHAM PURA (SHI) PRI.SCH.","VADODARA","PARTHAM PURA","Gujarat","Local body","Primary with Upper Primary","391770"
"24190913303","SMT.SAVITABEN T. PATEL HIGH SCHOOL","VADODARA","PARTHAM PURA","Gujarat","Government Aided","Secondary Only","391770"
"24190903101","CHORYANA MUVADA PRI.SCH.","VADODARA","CHORYANA MUVADA","Gujarat","Local body","Primary","391530"
"24190920601","VITOJ PRI. SCH.","VADODARA","VITOJ","Gujarat","Local body","Primary with Upper Primary","391770"
"24190900501","AANKALIYA PRI.SCH.","VADODARA","AANKALIYA","Gujarat","Local body","Primary","391770"
"24190904501","GANESHPURA PRI.SCH.","VADODARA","GANESHPURA","Gujarat","Local body","Primary","391770"
"24190901001","AMRA PURA PRI.SCH.","VADODARA","AMRAPURA","Gujarat","Local body","Primary with Upper Primary","391770"
"24190908801","LAHERIPURA PRI.SCH.","VADODARA","LAHERIPURA","Gujarat","Local body","Primary","391770"
"24190905201","GOKALPURA PRI.SCH.","VADODARA","GOKALPURA","Gujarat","Local body","Primary","391770"
"24190905502","GULABPURA (VITOJ) PRI.SCH.","VADODARA","VITOJ","Gujarat","Local body","Primary","391770"
"24190903501","DEEPA PURA PRI.SCH.","VADODARA","DEEPAPURA","Gujarat","Local body","Primary with Upper Primary","391530"
"24190900903","KRUSHNANAGAR PRI. SCH.","VADODARA","AJABPURA","Gujarat","Local body","Primary","391770"
"24191416404","SMT.K.G.DESAI PRI.SCHOOL","VADODARA","SANDHASAL","Gujarat","Private Unaided (Recognized)","Primary","391530"
"24190905501","GULABPURA(PO) PRI.SCH.","VADODARA","GULABPURA","Gujarat","Local body","Primary","391770"
"24191416401","SANDHASAL PRI.SCH.","VADODARA","SANDHASAL","Gujarat","Local body","Primary with Upper Primary","391530"
"24191416402","SANDHASAL KANYA PRI.SCH.","VADODARA","SANDHASAL","Gujarat","Local body","Primary","391530"
"24190921802","ZUMKHA PRI.SCH.","VADODARA","ZUMKAL","Gujarat","Local body","Primary with Upper Primary","391770"
"24190911601","NAHARA PRI.SCH.","VADODARA","NAHARA","Gujarat","Local body","Primary with Upper Primary","391770"
"24190911602","GOVERNMENT SECONDARY SCH. NAHARA","VADODARA","NAHARA","Gujarat","Department of Education","Secondary Only","391770"
"24190905702","GUTRADI - 2 PRI.SCH.","VADODARA","GUTRADI","Gujarat","Local body","Primary with Upper Primary","391530"
"24191417601","SOKHADANA MUVADA PRI.SCH.","VADODARA","SOKHADA NA MUVADA","Gujarat","Local body","Primary","391530"
"24190905701","GUTRADI - 1 PRI.SCH.","VADODARA","GUTRADI","Gujarat","Local body","Primary","391530"
"24190900901","AJAB PURA PRI.SCH.","VADODARA","AJABPURA","Gujarat","Local body","Primary with Upper Primary","391770"
"24191416403","M D PATEL AND Dr.THAKORBHAI V PATEL HIGH SCH.","VADODARA","SANDHASAL","Gujarat","Government Aided","Secondary with Higher Secondary","391530"
"24191416405","M D PATEL UPR.PRI.VIBHAG","VADODARA","SANDHASAL","Gujarat","Government Aided","Upper Primary only","391530"
"24190910401","MEETHAPUR PRI.SCH.","VADODARA","MEETHAPUR","Gujarat","Local body","Primary","391770"
"24191420201","VAV PRI.SCH.","VADODARA","VAV","Gujarat","Local body","Primary","391530"
"24191404901","GHELAPURI PRI.SCH.","VADODARA","GHELAPURI","Gujarat","Local body","Primary","391530"
"24191408901","LALAKHA PRI.SCH.","VADODARA","LALKHA","Gujarat","Local body","Primary with Upper Primary","391530"
"24191417202","NAVA SHIHORA PRI.SCH.","VADODARA","SHIHORA","Gujarat","Local body","Primary with Upper Primary","391530"
"24191422501","KHODIYAR NAGAR","VADODARA","KHODIYAR NAGR","Gujarat","Local body","Primary with Upper Primary","391530"
"24191400801","ADARAKHIYA PRI.SCH.","VADODARA","ADARAKHIYA","Gujarat","Local body","Primary","391530"
"24191413701","PIPLIYA PRI.SCH.","VADODARA","PIPLIYA","Gujarat","Local body","Primary with Upper Primary","391770"
"24191417203","SHREYAS HIGH SCHOOL NAVA SHIHORA","VADODARA","SHIHORA","Gujarat","Government Aided","Secondary Only","391530"
"24191404503","GANESHPURA (PANDU) PRI.SCH.","VADODARA","GANESHPURA(PANDU)","Gujarat","Local body","Primary","391530"
"24191405401","GORSAN PRI.SCH.","VADODARA","GORSAN","Gujarat","Local body","Primary with Upper Primary","391530"
"24191406301","INDRAPURI PRI.SCH.","VADODARA","INDRAPURI","Gujarat","Local body","Primary","391530"
"24191417205","GOVT.SECONDARY SCHOOL NAVA SHIHORA","VADODARA","SHIHORA","Gujarat","Department of Education","Secondary Only","391530"
"24191409401","LIMDI PRI.SCH.","VADODARA","LIMDI","Gujarat","Local body","Primary with Upper Primary","391530"
"24191403401","DARKUNDI PRI.SCH.","VADODARA","DARKUNDI","Gujarat","Local body","Primary","391530"
"24191414301","RAIPURA (CHHALIYER)  PRI.SCH.","VADODARA","RAIPURA","Gujarat","Local body","Primary","391530"
"24191417201","JUNA SHIHORA PRI.SCH.","VADODARA","SHIHORA","Gujarat","Local body","Primary with Upper Primary","391530"
"24191402801","CHHALIYER PRI.SCH.","VADODARA","CHHALIYER","Gujarat","Local body","Primary with Upper Primary","391530"
"24191417204","HARASIDDI NAGAR","VADODARA","SHIHORA","Gujarat","Local body","Primary","391530"
"24191402802","T.S.R.L & K.S.L VIDHYAMANDIR CHALIYER","VADODARA","CHHALIYER","Gujarat","Government Aided","Secondary with Higher Secondary","391530"
"24191422301","PANDUMEVAS GROUP SHALA","VADODARA","PANDUMEVAS","Gujarat","Local body","Primary with Upper Primary","391530"
"24191409301","LIMDA NA MUVADA PRI.SCH.","VADODARA","LIMDA NA MUVADA","Gujarat","Local body","Primary","391774"
"24191422601","GANGANAGAR PRIMARY SCHOOL","VADODARA","GANGA NAGAR","Gujarat","Local body","Primary","391770"
"24191410801","MOKAMPURA PRI.SCH.","VADODARA","MOKAMPURA","Gujarat","Local body","Primary with Upper Primary","389320"
"24191408301","KASLAPURA PRI.SCH.","VADODARA","KASLAPURA","Gujarat","Local body","Primary","389320"
"24191407501","KALIYA PRI.SCH.","VADODARA","KALIYA","Gujarat","Local body","Primary","391530"
"24191414001","PRATAP-PURA PRI.SCH.","VADODARA","PRATAP-PURA","Gujarat","Local body","Primary with Upper Primary","391770"
"24191418702","VADIYA (PANDU) PRI.SCH.","VADODARA","VADIYA(PANDU)","Gujarat","Local body","Primary","391530"
"24191401501","BALA PATEL NA MUVADA PRI.SCH.","VADODARA","BALA PATEL NA MUVADA","Gujarat","Local body","Primary","391530"
"24191407601","KALYAN PATEL NA MUVADA PRI.SCH","VADODARA","KALYAN PATEL NA MUVADA","Gujarat","Local body","Primary","391530"
"24191414602","PREMAL ASHRAM","VADODARA","RAJU PURA","Gujarat","Social welfare Department","Primary with Upper Primary","391530"
"24191414603","SMT.N.T PATEL VINAYMANDIR","VADODARA","RAJU PURA","Gujarat","Government Aided","Secondary with Higher Secondary","391530"
"24191414601","RAJU PURA PRI.SCH.","VADODARA","RAJU PURA","Gujarat","Local body","Primary with Upper Primary","391530"
"24191419501","VANSIYA PRI.SCH.","VADODARA","VANSIYA","Gujarat","Local body","Primary with Upper Primary","391530"
"24191416301","SAMPIYA PRI.SCH.","VADODARA","SAMPIYA","Gujarat","Local body","Primary","391530"
"24191414501","RAJPUR PRI.SCH.","VADODARA","RAJPUR","Gujarat","Local body","Primary","391774"
"24191407301","JUNA KESHAR NA MUVADA PRI.SCH.","VADODARA","JUNA KESHRNA MUVADA","Gujarat","Local body","Primary","391774"
"24191406801","JEETPURA PRI.SCH.","VADODARA","JEETPURA","Gujarat","Local body","Primary","391770"
"24191419301","VANKANEDA PRI.SCH.","VADODARA","VANKANEDA","Gujarat","Local body","Primary with Upper Primary","391770"
"24191405001","GHEMALPURA PRI.SCH.","VADODARA","GHEMALPURA","Gujarat","Local body","Primary","391774"
"24191413601","PIPLACHHAT PRI.SCH.","VADODARA","PIPALCHHAT","Gujarat","Local body","Primary with Upper Primary","391530"
"24191412401","NAVA KESHAR NA MUVADA PRI.SCH.","VADODARA","NAVA KESHAR NA MUVADA","Gujarat","Local body","Primary","391774"
"24191404201","DOLAT PURA PRI.SCH.","VADODARA","DOLAT PURA","Gujarat","Local body","Primary with Upper Primary","391774"
"24191412201","NARPURI PRI.SCH.","VADODARA","NARPURI","Gujarat","Local body","Primary","391530"
"24191407401","KADACHHALA PRI.SCH.","VADODARA","KADACHHALA","Gujarat","Local body","Primary with Upper Primary","391774"
"24191419701","VANTA (PIPALCHHAT) PRI.SCH.","VADODARA","VANTA (PIPALCHHAT)","Gujarat","Local body","Primary","391530"
"24191411301","MOTI VARNOLI PRI.SCH.","VADODARA","MOTI VARNOLI","Gujarat","Local body","Primary with Upper Primary","391774"
"24191412001","NANI VARNOLI PRI.SCH.","VADODARA","NANI VARNOLI","Gujarat","Local body","Primary","391770"
"24191402201","BHATPURA (DESAR) PRI.SCH.","VADODARA","BHATPURA (DESAR)","Gujarat","Local body","Primary with Upper Primary","391770"
"24191414901","RAMPURI PRI.SCH.","VADODARA","RAMPURI","Gujarat","Local body","Primary","391530"
"24191419101","VAKTAPURA PRI.SCH.","VADODARA","VAKTAPURA","Gujarat","Local body","Primary with Upper Primary","391530"
"24191401701","BALEVIYA PRI.SCH.","VADODARA","BALEVIYA","Gujarat","Local body","Primary","391530"
"24191405301","GOPRI PRI.SCH.","VADODARA","GOPRI","Gujarat","Local body","Primary with Upper Primary","391530"
"24191407001","JESAR PRI.SCH.","VADODARA","JESAR","Gujarat","Local body","Primary","391530"
"24191409901","MANEKLA PRI.SCH.","VADODARA","MANEKLA","Gujarat","Local body","Primary","391774"
"24191403604","MAHADEV NAGAR PRIMARY SCHOOL","VADODARA","DESAR","Gujarat","Local body","Primary","391770"
"24191419601","VANTA VARNOLI PRI.SCH.","VADODARA","VANTA VARNOLI","Gujarat","Local body","Primary","391774"
"24191419202","AMBAY VIDHYALAY VALAVAV","VADODARA","VALAVAV","Gujarat","Private Unaided (Recognized)","Primary with Upper Primary","391774"
"24191403606","GOVT.HIGH SECONDARY SCH.(SCI.) DESAR","VADODARA","DESAR","Gujarat","Department of Education","Higher Secondary only/Jr. College","391774"
"24191403601","DESAR KUMAR PRI.SCH.","VADODARA","DESAR","Gujarat","Local body","Primary with Upper Primary","391774"
"24191403602","DESAR KANYA PRI.SCH.","VADODARA","DESAR","Gujarat","Local body","Primary with Upper Primary","391774"
"24191403607","SHREE M.K.SHAH HIGHSCHOOL (PRIMARY SECTION)","VADODARA","DESAR","Gujarat","Government Aided","Upper Primary only","391774"
"24191403603","SRI M K SHAH HIGHSCHOOL","VADODARA","DESAR","Gujarat","Government Aided","Secondary with Higher Secondary","391774"
"24191403605","SARASWATI VIDHYA MANDIR - DESAR","VADODARA","DESAR","Gujarat","Private Unaided (Recognized)","Pri. Upper Pri. and Secondary Only","391774"
"24191419201","VALAVAV PRI.SCH.","VADODARA","VALAVAV","Gujarat","Local body","Primary","391774"
"24190906202","GOVT SECONDARY SCHOOL INDRAD","VADODARA","INDRAD","Gujarat","Department of Education","Secondary Only","391510"
"24191406001","IANTVAD PRI.SCH.","VADODARA","IANTVAD","Gujarat","Local body","Primary with Upper Primary","391774"
"24191420302","VEJPUR N.V. PRI.SCH.","VADODARA","VEJPUR","Gujarat","Local body","Primary","391774"
"24191412901","PAKTI PURA PRI.SCH.","VADODARA","PAKTI PURA","Gujarat","Local body","Primary","391774"
"24191404303","DUNGARIPURA (D) PRI SCH","VADODARA","DUNGARIPURA(D)","Gujarat","Local body","Primary with Upper Primary","391774"
"24191420305","SHARDAPUR PRIMARY SCH.","VADODARA","VEJPUR","Gujarat","Local body","Primary","391774"
"24191409701","MAHIJI NA MUVADA PRI.SCH.","VADODARA","MAHIJI NA MUVADA","Gujarat","Local body","Primary","391774"
"24191420308","SHRI VAIJNATH SEC.VIBHAG","VADODARA","VEJPUR","Gujarat","Government Aided","Secondary Only","391774"
"24191420304","SRI VAIJNATH VIDYALAY PRI.VIBHAG","VADODARA","VEJPUR","Gujarat","Government Aided","Upper Primary only","391774"
"24191420301","VEJPUR PRI.SCH.","VADODARA","VEJPUR","Gujarat","Local body","Primary with Upper Primary","391774"
"24191405901","HIMMATPURA PRI.SCH.","VADODARA","HIMMATPURA","Gujarat","Local body","Primary with Upper Primary","391770"
"24191415701","RATDIYA PRI.SCH.","VADODARA","RATDIYA","Gujarat","Local body","Primary","391774"
"24191404101","DHARAM PUR PRI.SCH.","VADODARA","DHARAMPUR","Gujarat","Local body","Primary","391774"
"24191410501","MERA KUVA PRI.SCH.","VADODARA","MERA KUVA","Gujarat","Local body","Primary with Upper Primary","391774"
"24191400701","AANTUNA MUVADA PRI.SCH.","VADODARA","AANTUNA MUVADA","Gujarat","Local body","Primary","391775"
"24191404502","GANESHPURA (NA) PRI.SCH.","VADODARA","GANESHPURA(PANDU)","Gujarat","Local body","Primary with Upper Primary","391535"
"24191417901","TRANSIYA PRI.SCH.","VADODARA","TRANSIYA","Gujarat","Local body","Primary","391520"
"24191418901","VAGHPURA PRI.SCH.","VADODARA","VAGHPURA","Gujarat","Local body","Primary","391774"
"24191420306","KUNPAD NA MUVADA PRI. SCH.","VADODARA","VEJPUR","Gujarat","Local body","Primary","391774"
"24191417301","SHIRNA MUVADA PRI.SCH.","VADODARA","SHIRNA MUVADA","Gujarat","Local body","Primary","391774"
"24191419902","ASTHA VIDHYALAYA SEC. & HIGH.SEC VIBHAG","VADODARA","VARSADA","Gujarat","Government Aided","Secondary with Higher Secondary","391774"
"24191419901","VARSADA PRI.SCH.","VADODARA","VARSADA","Gujarat","Local body","Primary with Upper Primary","391774"
"24191421301","KOTHARA PRI.SCH.","VADODARA","KOTHARA","Gujarat","Local body","Primary with Upper Primary","391774"
"24191413201","PARMAR PURA PRI.SCH.","VADODARA","PARMAR PURA","Gujarat","Local body","Primary","391774"
"24191420307","VEJPUR N. V. 2","VADODARA","VEJPUR","Gujarat","Local body","Primary","391774"
"24191419903","ASTHA VIDHYALAYA UPPER PRI. VIBHAG","VADODARA","VARSADA","Gujarat","Private Unaided (Recognized)","Upper Primary only","391774"
"24191408401","KEVDA MATANA MUVADA PRI.SCH.","VADODARA","KEVDA MATA NA MUVADA","Gujarat","Local body","Primary","391774"
"24191414701","RAM NAGAR PRI.SCH.","VADODARA","RAM NAGAR","Gujarat","Local body","Primary with Upper Primary","391774"
"24191420303","VACHCHHESAR PRI.SCH.","VADODARA","VEJPUR","Gujarat","Local body","Primary with Upper Primary","388710"
"24191403201","DAJIPURA PRI.SCH.","VADODARA","DAJIPURA","Gujarat","Local body","Primary with Upper Primary","391774"
"24191406602","JAMBU GORAL NARMADA SCH","VADODARA","JAMBU GORAL","Gujarat","Local body","Primary","391774"
"24191406101","INDIRANAGARI (VICHHESAR) SCH","VADODARA","INDIRANAGARI(VICHHESAR)","Gujarat","Local body","Primary","388710"
"24191420002","VARSADA KWARI VARG PRI.SCHOOL","VADODARA","VARSADA KVARI","Gujarat","Local body","Primary","391774"
"24191406601","JAMBU GORAL PRI.SCH.","VADODARA","JAMBU GORAL","Gujarat","Local body","Primary with Upper Primary","391774"
"24191420401","VEJPUR NA MUVADA PRI.SCH.","VADODARA","VEJPUR NA MUVADA","Gujarat","Local body","Primary","391774"
"24191401801","BARIYA NA MUVADA PRI.SCH.","VADODARA","BARIYANA MUVADA","Gujarat","Local body","Primary","391774"
"24191418001","TULSI GAM PRI.SCH.","VADODARA","TULSI GAM","Gujarat","Local body","Primary","371710"
"24191401401","BAIDAP NA MUVADA PRI.SCH.","VADODARA","BAIDAP NA MUVADA","Gujarat","Local body","Primary","391774"
"24191419001","VAGHVA PRI.SCH.","VADODARA","VAGHVA","Gujarat","Local body","Primary","391774"
"24191414401","RAJ NAGAR PRI.SCH.","VADODARA","RAJ NAGAR","Gujarat","Local body","Primary","388710"
"24191418002","TULSIGAM N. V. PRI. SCH.","VADODARA","TULSI GAM","Gujarat","Local body","Primary","388710"
"24191421701","VAGHA PRI. SCH.","VADODARA","VAGHA","Gujarat","Local body","Primary","391530"
"24191418301","UDAL PUR PRI.SCH.","VADODARA","UDALPUR","Gujarat","Local body","Primary","388710"
"24191418302","UDALPUR (V.VAS) PRI. SCH.","VADODARA","UDALPUR","Gujarat","Local body","Primary with Upper Primary","388710"
"24190203701","HANSAPURA PRIMARY SCHOOL","VADODARA","HANSAPURA","Gujarat","Local body","Primary","391110"